period,window,training_observations,intercept,trend_gwh_per_year,month_february,month_march,month_april,month_may,month_june,month_july,month_august,month_september,month_october,month_november,month_december,heating_gwh_per_degree,cooling_gwh_per_degree
2016-01-01,expanding,180,5840.453584,333.376978,-620.181478,324.155285,-287.002389,-78.796216,-92.288947,200.196792,1.936709,-444.062636,-62.556539,-55.418614,300.129386,113.993047,283.665364
2016-01-01,recent_60m,60,5962.497111,325.845761,-790.404238,194.623768,-590.719028,-254.623255,-187.890821,270.639614,-34.792987,-669.129049,-167.860436,-196.165527,153.641213,142.475904,376.83356
2016-02-01,expanding,181,5842.621382,334.052527,-636.871616,315.061703,-294.104248,-86.49272,-100.567654,191.716705,-6.294971,-451.977143,-70.029117,-63.950004,286.021708,114.192869,287.896108
2016-02-01,recent_60m,60,6172.991589,313.739974,-867.393054,129.729417,-652.917617,-301.719348,-214.982267,250.439563,-66.239597,-710.106466,-220.574627,-252.507369,84.330629,136.348216,382.85837
2016-03-01,expanding,182,5810.360141,334.53476,-609.874315,339.621719,-265.365125,-58.178077,-72.66861,219.471996,21.637643,-423.818119,-41.554627,-37.649182,301.039679,114.33551,296.512938
2016-03-01,recent_60m,60,6158.161399,312.859244,-813.974628,153.184724,-627.298487,-275.001469,-186.808995,279.114204,-38.383175,-682.943436,-194.265481,-227.867643,91.723052,135.90241,390.324187
2016-04-01,expanding,183,5795.610995,332.748724,-602.018413,316.510694,-237.571177,-28.81199,-41.763279,250.909742,52.418643,-393.87567,-12.780562,-11.054243,316.737066,113.807214,304.979333
2016-04-01,recent_60m,60,6221.998317,306.851673,-809.503462,13.586576,-617.542651,-257.750927,-159.631023,309.712073,-13.36648,-662.656463,-179.802954,-215.417705,95.273988,132.861507,394.375754
2016-05-01,expanding,184,5798.714908,331.834933,-600.915497,319.891546,-259.417934,-19.402054,-26.957773,267.258892,65.761945,-384.233764,-8.101929,-7.285872,319.10994,111.786055,306.107262
2016-05-01,recent_60m,60,6187.199374,309.701099,-810.365554,10.982797,-671.165829,-259.00018,-162.33787,306.389923,-16.138894,-664.989347,-181.554615,-217.058927,94.874052,133.255101,393.738366
2016-06-01,expanding,185,5799.544285,331.590765,-600.620793,320.794923,-257.874517,-18.580869,-13.620521,282.245287,77.347935,-376.820177,-6.261321,-6.278949,319.743981,109.542742,306.408649
2016-06-01,recent_60m,60,6194.427707,309.109225,-810.186483,11.523646,-670.125138,-258.796994,-145.759161,325.943811,-2.631215,-656.674503,-179.5298,-216.718018,94.957126,130.207336,393.870762
2016-07-01,expanding,186,5798.817068,331.804857,-600.879196,320.002822,-259.125601,-24.050138,-16.445696,272.079923,69.436397,-381.965218,-7.709765,-7.161842,319.18804,111.03249,306.144386
2016-07-01,recent_60m,60,6156.909497,312.181312,-811.115941,8.716401,-673.434118,-264.628306,-167.168619,319.51715,-7.570556,-660.37059,-181.668835,-218.487489,94.525938,131.078999,393.183568
2016-08-01,expanding,187,5799.237998,331.680936,-600.729626,320.461309,-258.512042,-22.450873,-13.939298,270.982581,71.584239,-380.453612,-7.050377,-6.650802,319.509832,110.68655,306.297347
2016-08-01,recent_60m,60,6243.197833,305.115802,-808.978275,15.172799,-665.688266,-248.564706,-141.717108,303.622929,8.009645,-649.314598,-176.207215,-214.417872,95.517628,128.106324,394.76405
2016-09-01,expanding,188,5803.653411,330.38104,-599.160694,325.270676,-253.396972,-24.384656,-22.345386,261.020383,25.243579,-382.112376,-2.271599,-1.290178,322.885319,113.225006,307.90186
2016-09-01,recent_60m,60,6382.102764,293.74191,-805.537111,25.566155,-653.551227,-229.204592,-114.265038,333.712314,-104.465543,-637.778434,-168.743427,-207.866697,97.114028,125.692766,397.308274
2016-10-01,expanding,189,5807.849306,329.145771,-597.669762,329.84094,-247.16986,-6.869845,5.556135,291.62591,49.586857,-404.388559,4.481048,3.803937,326.092991,109.258076,309.426603
2016-10-01,recent_60m,60,6466.776425,286.808613,-803.439447,31.901737,-645.345384,-201.602109,-64.660225,388.961519,-66.733627,-688.827139,-160.964262,-203.873232,98.087161,118.454741,398.859182
2016-11-01,expanding,190,5814.846008,327.085945,-595.183617,337.461907,-238.489424,-1.789295,7.340613,292.704952,52.983914,-398.434213,-52.360364,12.29843,331.441818,110.595738,311.969129
2016-11-01,recent_60m,60,6794.818181,259.947712,-795.312699,56.446977,-620.062014,-222.028248,-137.434817,305.516281,-101.836689,-705.463267,-224.387088,-188.401796,101.857263,136.896247,404.867692
2016-12-01,expanding,191,5808.660517,325.359312,-589.799738,354.226243,-218.953488,17.483014,26.382124,311.79558,72.450342,-378.566133,-31.978934,-23.086126,342.327852,110.740272,317.725385
2016-12-01,recent_60m,60,6946.881445,245.286366,-783.362638,95.454269,-578.501839,-191.120802,-118.824263,322.151631,-72.561764,-670.947499,-176.957717,-224.561022,111.58271,141.463366,415.814918
2017-01-01,expanding,192,5858.861653,324.66261,-602.05787,315.61549,-263.76767,-27.437542,-18.631561,266.801714,27.608112,-423.246294,-76.451957,-64.26812,287.777207,110.798592,304.195757
2017-01-01,recent_60m,60,7075.733213,237.370327,-789.925808,72.156993,-602.811316,-221.181963,-155.524833,284.384597,-103.504365,-699.060434,-198.098265,-243.317964,17.179903,143.929271,408.444674
2017-02-01,expanding,193,5870.187945,325.306531,-621.057537,298.81858,-280.072807,-43.644364,-34.75231,250.662648,11.328897,-439.675299,-93.072408,-81.234953,269.104406,110.74469,305.351672
2017-02-01,recent_60m,60,7293.172645,223.154279,-916.93574,35.123286,-632.508092,-261.207921,-207.474198,230.520019,-145.11326,-735.587662,-222.104106,-267.111952,-115.290151,148.357676,446.068214
2017-03-01,expanding,194,5895.217121,324.588053,-652.179054,281.959013,-299.546661,-63.227917,-54.431902,231.003494,-8.173881,-459.010944,-112.19444,-98.908362,259.727147,110.804833,299.589771
2017-03-01,recent_60m,60,7437.829104,216.886751,-1008.601514,-24.015398,-694.393135,-327.646862,-279.169896,157.979948,-212.250083,-800.484094,-281.480147,-323.73635,-122.801523,150.310058,429.427552
2017-04-01,expanding,195,5896.273547,323.76418,-650.664201,262.032572,-294.232843,-58.039889,-49.354001,236.104832,-2.893228,-453.53864,-106.477189,-93.491982,262.848026,110.873798,301.243679
2017-04-01,recent_60m,60,7301.803709,226.07538,-1007.726213,-81.118292,-679.716347,-306.293745,-250.110011,188.277742,-189.873824,-781.392402,-270.481729,-314.99306,-121.128924,147.447731,431.586789
2017-05-01,expanding,196,5902.257288,321.730265,-647.806533,271.250403,-346.720933,-53.739529,-49.710731,234.69681,-1.144321,-448.299767,-96.309498,-83.256566,268.858462,112.735636,304.317946
2017-05-01,recent_60m,60,7477.703373,212.079159,-1002.104878,-60.26224,-718.24557,-310.295571,-268.845692,166.94823,-196.607757,-782.232895,-256.404341,-297.747288,-119.833312,152.819422,437.448608
2017-06-01,expanding,197,5905.255802,320.711049,-646.374526,275.869552,-342.078016,-91.637077,-66.049204,215.948196,-13.702189,-453.986219,-92.183764,-78.127495,271.870353,116.540918,305.858492
2017-06-01,recent_60m,60,7554.354758,205.980059,-999.655283,-51.173847,-707.51896,-293.684714,-244.702057,193.92921,-177.436687,-765.481562,-247.662555,-290.232138,-119.268726,149.492155,440.002999
2017-07-01,expanding,198,5906.571789,320.263736,-645.746048,277.896802,-340.181194,-96.281583,-91.21368,203.33044,-22.481765,-458.503893,-90.608891,-75.87645,273.19221,118.909728,306.534607
2017-07-01,recent_60m,60,7623.470263,200.480584,-997.446516,-42.978967,-698.571208,-290.363978,-194.935686,185.147353,-180.326947,-766.001008,-242.160005,-283.45583,-118.759646,151.665478,442.306259
2017-08-01,expanding,199,5907.317221,320.010358,-645.39005,279.045125,-339.181376,-100.015106,-99.324654,185.635475,-29.186288,-462.134102,-89.84175,-74.60136,273.940968,120.621703,306.917587
2017-08-01,recent_60m,60,7720.094986,192.792218,-994.35862,-31.522378,-688.881337,-344.925702,-305.869227,118.532165,-262.903731,-827.542375,-243.730578,-273.98243,-118.047944,174.841297,445.526257
2017-09-01,expanding,200,5909.365718,319.31406,-644.411745,282.200793,-336.551391,-112.012563,-124.850289,156.811285,-73.845666,-473.798059,-87.930455,-71.097329,275.998604,125.909615,307.970044
2017-09-01,recent_60m,60,7739.093207,191.280542,-993.751482,-29.269799,-686.592567,-347.59877,-312.886328,111.095915,-266.947839,-831.368593,-242.77911,-272.119783,-117.90801,176.658372,446.159369
2017-10-01,expanding,201,5912.749153,318.164007,-642.795911,287.412906,-331.125068,-115.83336,-137.218849,142.403091,-82.721289,-516.397968,-82.961366,-65.309834,279.397134,129.273808,309.708352
2017-10-01,recent_60m,60,7837.012327,183.489183,-990.62222,-17.659736,-673.289023,-329.730232,-290.928276,134.122787,-246.208472,-789.559096,-232.923736,-262.519475,-117.186774,175.259903,449.422503
2017-11-01,expanding,202,5917.444005,316.568194,-640.55378,294.645228,-322.985959,-112.128113,-137.605619,141.105486,-81.228429,-511.944204,-129.021411,-57.279113,284.11293,130.918229,312.120426
2017-11-01,recent_60m,60,7981.028809,172.029886,-986.019796,-0.584006,-654.390185,-317.469583,-284.383793,140.808663,-232.872807,-773.532918,-268.786356,-248.399633,-116.126002,177.971735,454.221822
2017-12-01,expanding,203,5911.622856,315.084839,-635.808245,310.158323,-304.823069,-92.407949,-116.435496,162.726906,-60.317654,-491.797579,-110.05693,-88.556244,293.607965,130.401999,317.406176
2017-12-01,recent_60m,60,8018.812886,169.561804,-986.532106,-3.157956,-656.951202,-318.767223,-284.546491,140.964963,-233.304111,-774.000309,-269.992451,-320.400464,-116.728455,177.593984,453.277107
2018-01-01,expanding,204,5932.511995,314.582375,-640.174402,295.682671,-321.531624,-108.589001,-132.125396,147.189876,-76.095404,-507.834173,-126.493959,-103.880104,264.272429,130.227134,312.365039
2018-01-01,recent_60m,60,8113.433684,164.557282,-991.572284,-25.014424,-680.150336,-339.404611,-302.882562,123.275725,-252.184832,-792.954205,-290.444216,-340.787529,-62.503384,176.828019,446.096552
2018-02-01,expanding,205,5929.933598,314.260175,-630.321588,301.758062,-316.272473,-102.991594,-126.213043,153.200255,-70.239384,-502.144134,-121.060694,-98.033317,272.987741,130.115004,310.475849
2018-02-01,recent_60m,60,8381.634178,150.413246,-1011.63673,-88.057383,-746.495246,-398.509386,-355.483236,72.503163,-306.324824,-847.301004,-349.024369,-399.184825,-63.789579,174.66321,427.697726
2018-03-01,expanding,206,5940.545307,313.872354,-646.488163,295.302891,-323.657457,-109.969432,-132.811792,146.719497,-76.905938,-509.010475,-128.236103,-104.736676,269.564247,129.980037,308.31683
2018-03-01,recent_60m,60,8480.826076,146.096625,-948.815927,-123.623373,-784.0828,-433.887321,-388.876183,39.668138,-340.187555,-881.226852,-384.242195,-434.346844,-69.667723,174.002531,418.1832
2018-04-01,expanding,207,5941.275648,312.998036,-644.683043,273.468121,-317.113333,-102.50742,-124.495146,155.302147,-68.742157,-501.297098,-121.219506,-98.185976,273.212784,129.675761,310.294671
2018-04-01,recent_60m,60,8587.951368,140.40242,-952.779817,-23.675991,-809.943648,-456.833384,-409.203779,20.076517,-361.134861,-902.257416,-406.977053,-457.008086,-73.620991,173.131007,412.185353
2018-05-01,expanding,208,5946.482392,312.068646,-643.909454,275.954436,-345.451522,-101.335695,-124.424579,155.158979,-68.066544,-499.75516,-118.439807,-95.360783,274.91986,130.134489,311.089503
2018-05-01,recent_60m,60,8593.873824,139.692165,-951.753443,-19.270627,-716.210896,-446.275593,-393.315437,36.666896,-348.985238,-891.420017,-401.437543,-452.395091,-72.922114,170.988176,413.492361
2018-06-01,expanding,209,5949.45999,310.87501,-641.957022,282.359068,-339.49234,-159.319915,-160.944031,113.751971,-96.677524,-514.755808,-113.468674,-88.267499,278.930292,137.990984,313.20516
2018-06-01,recent_60m,60,8674.692516,133.863656,-949.916735,-12.311,-708.968782,-450.90887,-420.479051,8.301625,-365.053238,-903.402594,-398.873027,-446.757571,-72.348933,176.612729,415.318035
2018-07-01,expanding,210,5950.335723,310.52562,-641.386601,284.230164,-336.98714,-152.140669,-160.256426,126.472146,-86.70567,-507.710409,-110.741328,-86.195113,280.102145,136.272335,313.823205
2018-07-01,recent_60m,60,8807.503465,124.288807,-946.908688,-0.918883,-695.240673,-426.007207,-255.74022,38.03595,-343.256261,-883.469885,-388.541523,-437.541599,-71.414563,172.453085,418.304714
2018-08-01,expanding,211,5949.848507,310.720045,-641.704049,283.188867,-338.362446,-155.849356,-166.314015,126.27091,-91.802328,-511.348974,-112.227643,-87.348429,279.449994,137.12963,313.479251
2018-08-01,recent_60m,60,8820.598153,123.341599,-946.602145,0.247846,-695.662366,-457.623359,-326.124616,89.301759,-387.943285,-920.005834,-393.466739,-436.586029,-71.3151,185.065805,418.612294
2018-09-01,expanding,212,5951.369029,310.113294,-640.713381,286.438466,-334.063277,-144.165955,-147.197175,147.140302,-95.718191,-499.886074,-107.577222,-83.749248,281.485178,134.416335,314.552635
2018-09-01,recent_60m,60,8828.144038,122.795772,-946.425521,0.920081,-695.901336,-475.764947,-366.515506,47.219098,-384.556893,-940.972419,-396.291419,-436.035484,-71.257802,192.304373,418.789509
2018-10-01,expanding,213,5955.654939,308.392533,-637.897018,295.677197,-326.684546,-184.502121,-235.625645,47.735353,-166.347367,-603.501126,-102.437466,-73.517296,287.269912,152.143532,317.604548
2018-10-01,recent_60m,60,8897.49173,117.792074,-944.841763,6.925717,-691.067258,-507.559919,-443.941441,-33.378014,-430.649595,-1051.181153,-398.711857,-431.161657,-70.760271,207.255002,420.366242
2018-11-01,expanding,214,5961.302084,306.134814,-634.207979,307.778209,-312.645805,-170.918901,-222.525167,60.869313,-152.627031,-589.122337,-168.021588,-60.114759,294.848073,152.39009,321.601765
2018-11-01,recent_60m,60,9053.099607,106.570953,-941.308709,20.311192,-676.529471,-508.069926,-463.453272,-53.508278,-435.086268,-1046.138339,-535.205246,-420.322898,-69.659124,213.728027,423.877001
2018-12-01,expanding,215,5951.641547,304.00869,-626.862107,332.140983,-284.272317,-140.126417,-189.342622,94.739176,-119.893544,-557.762968,-138.441387,-105.974012,309.325281,151.576829,329.786763
2018-12-01,recent_60m,60,9164.390687,98.54662,-938.785126,29.870245,-665.549913,-497.262639,-453.083976,-42.556522,-422.646583,-1032.555666,-520.292742,-507.243447,-68.873988,214.087341,426.383606
2019-01-01,expanding,216,5892.853285,302.209046,-607.561587,396.57735,-209.727956,-63.456809,-110.655286,174.00706,-41.584377,-480.613184,-62.792862,-35.005125,294.635209,150.890405,351.652282
2019-01-01,recent_60m,60,9083.408717,87.489844,-887.406027,255.363391,-417.388285,-248.099514,-204.59363,206.731,-171.257558,-779.562024,-265.425337,-251.195849,51.612025,214.604931,494.569688
2019-02-01,expanding,217,5847.977798,301.065049,-566.982201,448.811143,-154.790424,-7.211379,-53.124276,231.907794,15.705168,-424.062704,-7.199311,19.361579,340.990944,150.452975,357.270605
2019-02-01,recent_60m,60,9136.863396,75.536503,-826.056923,375.469298,-289.085188,-119.689285,-76.856186,335.334512,-40.422517,-647.01563,-130.885827,-115.389303,140.204973,215.14678,517.310118
2019-03-01,expanding,218,5837.647212,299.808325,-601.692235,467.109546,-133.407724,15.609417,-28.891312,256.546891,39.672904,-400.906793,14.905457,40.065006,352.527585,149.972475,363.696511
2019-03-01,recent_60m,60,9124.573679,74.913704,-836.552756,395.005229,-267.43138,-97.928758,-55.136368,357.099014,-18.537561,-625.039084,-108.802057,-93.238599,148.692592,215.176848,523.77945
2019-04-01,expanding,219,5812.829962,297.177168,-588.842266,423.984878,-85.45634,66.576617,25.032154,311.320587,93.041198,-349.237956,64.373855,86.399631,378.304032,148.966594,378.096956
2019-04-01,recent_60m,60,9653.677623,43.983602,-837.357684,360.458502,-324.845241,-156.38195,-115.256828,299.225301,-70.691529,-672.796353,-151.445977,-132.615923,132.983268,216.555022,513.831105
2019-05-01,expanding,220,5822.995668,294.833532,-585.801138,433.903917,-157.237767,74.125076,29.963723,315.799159,99.38437,-340.728052,75.565237,97.422891,384.841228,150.000108,381.341521
2019-05-01,recent_60m,60,9953.878863,26.533539,-837.979118,344.44221,-390.177881,-192.471464,-153.954829,261.664901,-103.790334,-702.699847,-177.468256,-156.524508,123.470864,217.874067,507.726384
2019-06-01,expanding,221,5830.794115,293.108091,-583.644017,440.932566,-150.219905,0.353143,2.330705,284.3733,78.238652,-349.759024,81.774674,105.243974,389.494174,156.275841,383.636951
2019-06-01,recent_60m,60,10200.647481,12.260298,-838.607965,330.242615,-406.112338,-215.444867,-230.062963,184.666822,-159.844847,-746.128322,-203.765365,-177.300134,115.222208,226.538159,502.378491
2019-07-01,expanding,222,5837.160001,291.697623,-581.878333,446.685986,-146.193818,-34.55573,-129.904634,199.20668,16.874726,-383.033416,83.893412,111.645758,393.302309,170.940058,385.516024
2019-07-01,recent_60m,60,10504.043958,-5.289565,-839.379067,312.802503,-426.359822,-269.663094,-289.74677,61.322615,-246.42472,-810.807796,-238.493143,-202.823791,105.088133,242.021424,495.809107
2019-08-01,expanding,223,5840.464279,290.967216,-580.965989,449.65865,-142.638153,-29.327473,-123.016323,180.001866,22.99396,-378.003788,87.533041,114.953671,395.270414,170.336927,386.486805
2019-08-01,recent_60m,60,10716.996237,-17.603328,-839.927601,300.497409,-438.234555,-266.170832,-267.249819,189.496883,-244.317994,-816.031147,-254.338416,-220.808153,97.948518,235.690952,491.177692
2019-09-01,expanding,224,5845.588444,289.835411,-579.553306,454.261454,-136.364589,-9.121706,-88.950207,218.040059,13.043354,-358.648569,94.493312,120.075701,398.318057,165.145085,387.989892
2019-09-01,recent_60m,60,10889.415117,-27.571158,-840.37527,290.503429,-446.715196,-243.184199,-205.177462,263.44537,-118.461072,-800.767341,-263.028933,-235.403065,92.15497,222.220857,487.417922
2019-10-01,expanding,225,5852.562006,288.293642,-577.627179,460.537321,-129.092053,-1.776015,-81.541841,225.558368,20.729035,-409.127232,101.77339,127.059304,402.473023,165.169904,390.039414
2019-10-01,recent_60m,60,11024.921214,-35.406689,-840.724281,282.673722,-454.281878,-241.149297,-191.269654,281.245701,-107.277041,-712.949187,-273.150073,-246.846587,87.612,218.270172,484.470945
2019-11-01,expanding,226,5859.260754,286.81305,-575.777974,466.562513,-121.747319,10.994945,-63.37948,245.328063,37.508755,-396.128244,54.267277,133.764026,406.462158,163.183077,392.007049
2019-11-01,recent_60m,60,10772.500164,-20.810583,-840.074244,297.258024,-440.154079,-244.360893,-215.917445,249.543441,-127.095456,-721.310938,-321.067167,-225.530537,96.074284,225.389838,489.960296
2019-12-01,expanding,227,5892.047434,285.407217,-580.904555,449.239672,-141.372548,-6.683417,-79.088115,230.258433,21.461421,-413.431363,35.411795,57.843153,396.801778,162.484381,386.028594
2019-12-01,recent_60m,60,10702.776957,-17.509715,-838.678047,311.945926,-424.221545,-229.472418,-202.384358,262.489533,-113.724513,-707.537968,-306.861738,-216.798076,102.837815,225.770231,494.875795
2020-01-01,expanding,228,5901.312711,283.858936,-579.559476,453.569334,-136.184908,0.687784,-69.550115,240.499478,30.62718,-405.64677,41.488994,63.474264,339.735488,161.715836,387.415037
2020-01-01,recent_60m,60,10737.131313,-20.175313,-837.636039,319.865526,-415.265436,-219.550063,-191.373067,273.973233,-102.580272,-696.714872,-296.384204,-206.619132,87.80978,225.465019,497.287192
2020-02-01,expanding,229,5873.22082,283.130114,-552.219188,487.066299,-101.301785,36.610188,-32.608461,277.771872,67.393835,-369.529734,76.802964,98.03192,370.152473,161.354333,390.374761
2020-02-01,recent_60m,60,10585.706201,-14.577823,-823.092464,375.658917,-355.192433,-161.116731,-135.244103,329.105074,-46.724129,-640.173257,-239.105345,-151.534482,111.594204,226.11217,512.401785
2020-03-01,expanding,230,5940.852821,281.659358,-627.45132,439.811711,-155.113047,-15.212492,-82.367379,228.682333,17.279626,-420.959996,23.745883,48.65108,343.602139,160.622213,374.377916
2020-03-01,recent_60m,60,11063.112394,-32.770556,-869.184222,208.247504,-535.738285,-336.286655,-302.926591,164.662777,-213.519143,-809.194832,-410.521689,-316.157946,43.760309,224.009573,465.699085
2020-04-01,expanding,231,6084.88886,280.242777,-658.991089,253.410895,-285.713143,-144.013596,-209.17333,102.523193,-109.87082,-549.383511,-106.251207,-72.235571,278.092197,159.914265,335.45038
2020-04-01,recent_60m,60,11489.481745,-38.390504,-899.960971,-250.629954,-868.851252,-669.233756,-633.492745,-164.882813,-543.835565,-1140.241679,-742.352837,-635.059218,-87.202168,223.336116,373.801798
2020-05-01,expanding,232,6098.16391,276.660135,-653.659411,271.491032,-397.123153,-127.20921,-195.201416,115.911681,-94.333367,-531.22711,-84.974612,-51.747096,290.093916,161.095128,341.639283
2020-05-01,recent_60m,60,11916.095655,-62.164752,-900.100223,-265.127873,-1144.818549,-709.739164,-674.603713,-204.759472,-580.055115,-1172.858771,-771.294604,-660.60018,-98.039308,224.246943,367.565212
2020-06-01,expanding,233,6108.652629,273.958959,-649.755863,284.718669,-382.25528,-230.518764,-210.95562,96.21002,-105.055825,-530.746924,-70.920443,-36.745528,298.899854,166.681666,346.162431
2020-06-01,recent_60m,60,12249.691307,-80.446852,-900.730042,-280.827471,-1162.791434,-881.226944,-703.189154,-231.060791,-606.539668,-1199.470902,-798.10852,-685.56047,-108.556125,223.319366,361.231896
2020-07-01,expanding,234,6114.999665,272.324481,-647.393909,292.722426,-373.19212,-229.215257,-280.888277,86.727264,-109.717519,-529.397655,-62.291165,-27.668396,304.228154,169.671363,348.899287
2020-07-01,recent_60m,60,12416.887868,-89.609268,-901.046527,-288.702923,-1171.487084,-882.334859,-732.465726,-230.326534,-610.111247,-1207.183011,-810.181566,-698.078323,-113.830328,220.564273,358.055369
2020-08-01,expanding,235,6117.826808,271.597408,-646.344139,296.279613,-368.386118,-215.846699,-258.936592,84.711907,-90.562235,-516.492038,-56.998337,-23.634061,306.596467,166.460037,350.115616
2020-08-01,recent_60m,60,12433.594026,-90.524512,-901.078584,-289.493471,-1172.190963,-879.255674,-725.270344,-155.946521,-605.342068,-1204.981336,-810.666217,-699.333258,-114.359026,219.079007,357.736758
2020-09-01,expanding,236,6125.090142,269.728319,-643.644429,305.427787,-356.938925,-196.468749,-231.619181,114.574093,-136.899128,-497.737735,-45.096436,-13.258901,312.68692,163.527107,353.243747
2020-09-01,recent_60m,60,12590.555665,-99.125042,-901.3774,-296.901104,-1179.706923,-867.778841,-693.12743,-115.165822,-650.295374,-1200.558368,-819.168388,-711.101156,-119.317054,211.744679,354.749915
2020-10-01,expanding,237,6132.450868,267.835032,-640.910578,314.691579,-344.65278,-165.432575,-181.790538,170.279976,-92.260595,-538.724605,-31.743296,-2.752528,318.854529,156.50548,356.41138
2020-10-01,recent_60m,60,12676.270348,-103.822211,-901.539678,-300.938771,-1184.153374,-868.125541,-689.012609,-109.043505,-646.504996,-1202.059726,-825.307671,-717.518825,-122.021035,210.248323,353.121358
2020-11-01,expanding,238,6139.928797,265.9112,-638.132247,324.106127,-332.487221,-139.160514,-141.384368,215.135381,-55.662369,-512.19011,-92.775883,7.924782,325.122424,151.240101,359.630577
2020-11-01,recent_60m,60,12678.309752,-103.934469,-901.542699,-301.027796,-1184.578511,-874.308116,-701.459309,-123.971791,-657.226231,-1207.789725,-809.317991,-717.663467,-122.082073,212.554749,353.084961
2020-12-01,expanding,239,6132.305566,264.194852,-632.187917,344.543546,-308.039972,-112.600082,-112.740351,244.518033,-27.305636,-485.110173,-67.307818,-35.017154,337.950439,150.508892,366.764054
2020-12-01,recent_60m,60,12731.797838,-106.018016,-903.075471,-315.53627,-1201.98152,-890.860917,-716.993152,-138.99636,-672.642795,-1223.703951,-825.717446,-655.626864,-129.382439,212.243966,348.066132
2021-01-01,expanding,240,6130.341343,263.001294,-628.863232,355.945582,-294.371239,-97.466511,-96.157549,261.614576,-10.922699,-469.615343,-52.934159,-21.611813,298.204403,150.000294,370.729897
2021-01-01,recent_60m,60,12692.652085,-102.996506,-904.481367,-326.087342,-1214.951477,-905.267561,-732.866891,-155.604438,-688.689486,-1239.03734,-840.355407,-669.889486,-57.191162,212.690769,344.671711
2021-02-01,expanding,241,6103.965843,262.074539,-593.684204,391.263487,-258.892306,-60.864528,-58.429389,299.741915,26.650007,-432.732879,-16.923061,14.33326,334.183081,149.605046,370.760542
2021-02-01,recent_60m,60,12783.27741,-106.427215,-969.115977,-364.222208,-1246.526463,-935.093868,-761.033511,-182.939687,-716.658073,-1267.810991,-869.913918,-700.734569,-105.559764,212.185697,354.676998
2021-03-01,expanding,242,6058.375605,260.268067,-637.935638,444.288926,-195.652001,4.653698,9.278448,368.226135,94.056475,-366.667777,47.448588,74.329456,367.371463,148.836716,389.697955
2021-03-01,recent_60m,60,12772.548424,-107.054469,-1009.033382,-346.774938,-1225.091199,-913.253017,-738.893666,-160.649608,-694.48081,-1245.777383,-848.020337,-679.705401,-95.7412,212.09499,361.004457
2021-04-01,expanding,243,6051.943424,259.271922,-633.633915,421.479389,-179.459084,22.076546,27.910362,387.286676,112.521718,-348.94341,64.237643,89.957787,376.139977,148.412414,394.575077
2021-04-01,recent_60m,60,12909.328562,-106.184203,-1040.646236,-258.214821,-1376.023149,-1065.416338,-891.437119,-313.387722,-847.085619,-1398.210436,-1000.286159,-825.872452,-164.006064,212.208082,317.19844
2021-05-01,expanding,244,6059.80162,257.695578,-631.468231,428.438966,-233.427477,27.759424,31.878392,390.819419,117.297938,-342.685031,72.296966,97.859315,380.824939,149.108074,396.926894
2021-05-01,recent_60m,60,12645.851797,-92.889742,-1036.75208,-240.978235,-1314.268504,-1025.198563,-844.931355,-265.053238,-804.807707,-1362.913579,-971.861594,-800.452858,-152.060465,209.489015,324.145701
2021-06-01,expanding,245,6065.522669,256.590513,-630.004632,433.138066,-226.967704,6.027866,65.995729,429.328735,147.460301,-322.680797,79.724036,103.200518,384.001105,143.829218,398.512455
2021-06-01,recent_60m,60,12483.762795,-84.745057,-1034.227078,-229.876746,-1300.90899,-961.803783,-915.842406,-355.008412,-864.492506,-1386.546305,-960.122445,-784.233679,-144.440334,226.494015,328.595321
2021-07-01,expanding,246,6066.734145,256.356464,-629.694589,434.133512,-225.646556,9.603822,62.551798,435.665734,152.492189,-319.238308,81.197428,104.331978,384.673922,143.000634,398.848339
2021-07-01,recent_60m,60,12351.227811,-78.085409,-1032.162464,-220.799415,-1289.985344,-1038.999038,-908.475848,-584.400016,-1025.091781,-1465.398261,-958.751198,-770.971777,-138.209598,264.596926,332.233632
2021-08-01,expanding,247,6067.734119,256.163108,-629.438228,434.956618,-224.736151,9.372008,61.199672,425.994982,151.425794,-319.453309,82.030946,105.267526,385.230201,143.430804,399.126082
2021-08-01,recent_60m,60,12360.579623,-78.555321,-1032.308145,-221.439921,-1290.756128,-1048.527683,-928.668497,-369.306651,-1043.841196,-1475.851789,-961.061743,-771.907551,-138.649245,268.419485,331.976909
2021-09-01,expanding,248,6070.855213,255.559898,-628.638848,437.523182,-221.584013,14.138935,67.546008,432.832345,132.641227,-314.852902,85.292444,108.184741,386.964853,142.85198,399.992108
2021-09-01,recent_60m,60,12300.96432,-75.559758,-1031.379465,-217.356864,-1285.842584,-1026.889543,-886.655559,-319.440889,-797.665083,-1451.038069,-952.113292,-765.942241,-135.846609,261.053618,333.613451
2021-10-01,expanding,249,6076.295785,254.507669,-627.24344,442.003492,-216.882242,8.432369,51.634297,414.04151,120.055557,-364.792225,89.293061,113.277049,389.992699,146.748109,401.503926
2021-10-01,recent_60m,60,12269.5659,-73.982043,-1030.890344,-215.206384,-1283.254699,-1052.523321,-946.638549,-392.998037,-853.511602,-1312.137467,-952.874322,-762.800408,-134.370506,273.274237,334.475391
2021-11-01,expanding,250,6082.026842,253.399631,-625.774518,446.719793,-211.528653,9.505563,48.507259,409.769517,118.427161,-363.106807,47.544345,118.637643,393.180152,148.372968,403.095353
2021-11-01,recent_60m,60,12134.935331,-67.217096,-1028.793086,-205.985526,-1272.158333,-1011.614771,-869.404337,-301.835304,-782.147805,-1275.855361,-757.164003,-749.328814,-128.041252,260.099449,338.17123
2021-12-01,expanding,251,6078.256894,252.353904,-622.026165,458.946543,-196.987067,25.361875,65.633956,427.324417,135.365952,-346.968868,62.703023,89.47742,400.865418,147.925078,407.327965
2021-12-01,recent_60m,60,12062.488172,-62.168226,-1033.027444,-221.657745,-1291.747108,-1024.753414,-874.470219,-303.985191,-789.147186,-1291.222972,-778.473129,-616.631437,-135.883354,257.066056,332.874537
2022-01-01,expanding,252,6111.682751,251.892236,-629.4014,434.618046,-225.607569,-2.724964,38.110857,399.991193,107.759012,-374.931538,34.305424,62.889555,362.319222,147.726249,398.757206
2022-01-01,recent_60m,60,11507.156631,-50.719967,-961.720182,57.450315,-947.353559,-663.486797,-494.898696,82.198317,-413.959855,-935.010515,-435.732996,-290.959587,219.149208,250.187868,433.237431
2022-02-01,expanding,253,6111.654568,251.8836,-629.086528,434.775115,-225.489878,-2.596929,38.249415,400.133296,107.896008,-374.80118,34.427666,63.028432,362.578648,147.722538,398.677246
2022-02-01,recent_60m,60,11104.7406,-30.288475,-1029.121805,63.970785,-918.539409,-607.414755,-406.158237,182.739061,-333.043778,-887.958537,-412.724819,-278.426772,167.443575,237.912496,469.595469
2022-03-01,expanding,254,6077.152911,250.952471,-648.467652,472.050784,-181.441255,42.663806,84.638755,446.903174,154.118818,-329.289536,79.069673,104.826205,384.934232,147.324701,411.702425
2022-03-01,recent_60m,60,11104.687506,-23.251692,-941.264991,-38.425793,-1046.160998,-726.645553,-514.137747,78.823671,-443.718074,-1010.295923,-543.343101,-405.673403,103.82026,233.684751,432.264239
2022-04-01,expanding,255,6062.122103,249.790761,-640.665104,451.024206,-154.459916,71.120506,114.505824,477.245674,183.777421,-300.519922,106.752238,130.725833,398.927113,146.827481,419.712171
2022-04-01,recent_60m,60,10894.847348,-10.89368,-951.080353,-51.561616,-1061.715092,-726.291956,-494.02462,106.074214,-428.337534,-1015.398123,-562.988221,-427.59962,92.857151,226.259978,425.291598
2022-05-01,expanding,256,6068.74949,248.620916,-638.966972,456.059155,-197.166801,74.997087,117.015824,479.431157,186.930551,-296.170553,112.518598,136.415244,402.220619,147.381672,421.375964
2022-05-01,recent_60m,60,10628.382894,2.711627,-949.411291,-47.200232,-975.58251,-690.457572,-436.436374,171.520256,-375.959535,-985.570189,-549.171027,-417.679875,97.817024,218.085822,427.516073
2022-06-01,expanding,257,6070.997499,248.237262,-638.43116,457.646592,-194.843489,69.935811,134.63478,499.279045,202.280338,-286.508917,115.342838,138.211258,403.26375,144.496538,421.899682
2022-06-01,recent_60m,60,10305.702877,19.059799,-946.52739,-39.882213,-967.672217,-703.634838,-624.912562,-63.629082,-552.331428,-1055.382335,-545.376738,-403.362248,104.975837,259.277461,430.886111
2022-07-01,expanding,258,6067.663761,248.806085,-639.225373,455.293609,-198.448622,51.594888,125.400135,463.371425,174.66678,-303.637111,110.816174,135.549089,401.717517,149.80909,421.123409
2022-07-01,recent_60m,60,10005.444188,34.272024,-943.843876,-33.072684,-960.311567,-857.842117,-781.312944,-410.329766,-814.22262,-1164.073949,-548.03435,-390.039476,111.637223,318.234431,434.021984
2022-08-01,expanding,259,6067.965545,248.754506,-639.153211,455.507408,-198.233576,51.152185,124.324784,459.885996,173.78652,-304.037986,110.990134,135.790966,401.857979,150.048715,421.193949
2022-08-01,recent_60m,60,9686.366124,50.437708,-940.992167,-25.836353,-952.489573,-803.750296,-676.822328,-211.849522,-712.693431,-1109.694046,-526.818345,-375.881671,118.716126,300.752697,437.354404
2022-09-01,expanding,260,6070.840781,248.263246,-638.466187,457.542896,-195.978585,50.829164,121.521332,456.511616,150.399764,-304.243277,113.084267,138.093798,403.195315,150.997279,421.865524
2022-09-01,recent_60m,60,9347.616343,67.600035,-937.964646,-18.15389,-944.18534,-864.689087,-813.064628,-366.492913,-841.453243,-1144.216965,-517.349351,-360.851012,126.231455,325.709898,440.892273
2022-10-01,expanding,261,6077.795218,247.074922,-636.804159,462.467099,-190.649226,47.688632,110.232688,443.320645,142.113128,-359.164234,117.884877,143.664737,406.430527,154.099934,423.490188
2022-10-01,recent_60m,60,9203.060309,74.923782,-936.672699,-14.875522,-940.641641,-856.937224,-800.7123,-353.553827,-831.448194,-1220.958475,-509.585465,-354.43692,129.438501,323.9495,442.402002
2022-11-01,expanding,262,6085.804067,245.706602,-634.890675,468.13629,-184.287878,48.303551,105.317929,437.150341,139.345232,-357.597245,63.319116,150.078541,410.155267,156.223151,425.360638
2022-11-01,recent_60m,60,9101.686114,80.059777,-935.766684,-12.57647,-938.156518,-864.861161,-819.949023,-375.719109,-849.187449,-1228.461581,-586.88027,-349.938848,131.687538,327.626793,443.460744
2022-12-01,expanding,263,6113.073849,245.067458,-640.655545,450.650146,-204.62319,28.636163,86.32131,418.356835,120.245189,-377.10585,43.31256,99.649565,400.221882,155.99084,419.312969
2022-12-01,recent_60m,60,8762.391632,93.274788,-905.822209,58.646634,-853.743776,-772.801434,-720.006678,-274.814152,-753.390063,-1142.56721,-507.671716,-256.274281,175.168668,324.591702,468.100209
2023-01-01,expanding,264,6119.77966,244.973376,-642.265884,445.772834,-210.304631,23.049653,80.83374,412.899213,114.742327,-382.669006,37.675925,94.430526,392.347706,155.956567,417.630951
2023-01-01,recent_60m,60,8348.547928,109.471444,-869.826925,144.271093,-752.27848,-661.974993,-599.519098,-153.146772,-637.982653,-1039.297188,-412.596005,-173.74148,288.724823,320.871817,497.739102
2023-02-01,expanding,265,6118.897665,245.003933,-643.250452,446.018374,-209.755734,23.568089,81.320019,413.37576,115.23358,-382.158153,38.210663,94.807931,391.759331,155.967706,418.26407
2023-02-01,recent_60m,60,8168.208119,117.304814,-890.598615,161.120099,-723.176082,-628.186811,-561.058391,-114.115465,-601.978925,-1009.163601,-386.425524,-156.329195,270.326133,319.072727,519.991124
2023-03-01,expanding,266,6143.956655,244.595761,-670.129266,428.224929,-230.376755,3.364743,61.545573,393.731156,95.392905,-402.260144,17.790195,75.859077,381.876748,155.819147,412.327299
2023-03-01,recent_60m,60,7915.75638,134.002365,-979.679869,106.610183,-791.716389,-688.123408,-611.035069,-162.875856,-657.192881,-1076.890305,-462.599954,-227.636539,232.05751,315.237801,498.199869
2023-04-01,expanding,267,6159.200289,244.576152,-674.364187,411.848224,-245.388704,-11.644479,46.557995,378.750068,80.401792,-417.264588,2.769523,61.92204,374.540377,155.811619,407.989852
2023-04-01,recent_60m,60,7379.970658,148.53857,-893.088389,195.963632,-537.063095,-424.290174,-338.531139,110.686924,-389.24831,-819.83882,-212.902714,-2.430538,352.523451,311.899271,563.724369
2023-05-01,expanding,268,6164.349093,243.235328,-671.546023,419.757639,-292.502047,-4.335673,52.096007,383.942978,86.803318,-409.343406,12.482867,71.276524,379.790952,156.519845,410.760734
2023-05-01,recent_60m,60,6896.542015,176.65789,-923.721347,144.831334,-849.735198,-466.935523,-364.403602,86.862735,-423.940551,-875.60301,-282.893201,-69.523771,316.44343,305.441108,542.612667
2023-06-01,expanding,269,6168.292478,242.245134,-669.504571,425.485822,-286.431402,-63.177443,17.148096,344.242193,58.79496,-422.367143,17.328084,78.053941,383.599566,164.016045,412.766321
2023-06-01,recent_60m,60,6535.937216,197.139436,-942.993646,112.578857,-903.881691,-812.022501,-669.758816,-252.316904,-702.480998,-1018.878007,-340.968464,-110.679369,294.292601,352.672917,529.504082
2023-07-01,expanding,270,6169.575056,241.923216,-668.841042,427.347637,-284.295203,-64.653276,-2.302592,338.149119,54.807216,-423.660161,19.24617,80.256797,384.837494,165.358077,413.418187
2023-07-01,recent_60m,60,6372.729511,206.409268,-951.71618,97.981567,-928.38809,-784.670455,-628.693498,-148.590957,-624.698852,-997.168962,-355.119193,-129.30616,284.26726,333.60374,523.57121
2023-08-01,expanding,271,6170.693259,241.642453,-668.262224,428.971761,-282.550029,-68.213463,-11.107915,315.070043,47.61736,-426.920966,20.670363,82.178414,385.917362,167.322737,413.986835
2023-08-01,recent_60m,60,6208.078961,215.761051,-960.515826,83.255229,-953.111138,-757.828363,-554.45865,-149.065879,-547.601851,-975.850886,-369.476736,-148.097623,274.15329,314.638357,517.585888
2023-09-01,expanding,272,6172.767796,241.121722,-667.188862,431.98354,-279.13825,-71.443463,-20.905603,303.77322,16.004367,-429.803365,23.680847,85.741877,387.919899,169.788039,415.041331
2023-09-01,recent_60m,60,5950.152173,230.410715,-974.300563,60.186269,-991.840049,-739.458941,-483.639522,-66.36688,-587.877181,-960.815697,-394.541777,-177.534644,258.309652,293.508235,508.20982
2023-10-01,expanding,273,6175.753274,240.373025,-665.646381,436.311605,-273.434837,-60.705725,-5.198523,320.687605,30.17491,-451.961778,29.692104,90.862792,390.797756,167.958215,416.556669
2023-10-01,recent_60m,60,5662.986348,246.721091,-989.647961,34.50217,-1034.959337,-962.509977,-872.388261,-496.58894,-939.230193,-1324.729265,-448.915938,-210.308698,240.66995,358.208434,497.770865
2023-11-01,expanding,274,6180.358438,239.217594,-663.265317,442.992682,-265.269628,-56.405287,-4.726324,320.340401,32.168386,-447.038287,-14.810824,98.767717,395.240104,169.421687,418.895858
2023-11-01,recent_60m,60,5663.324991,246.701856,-989.629863,34.532458,-1034.908489,-978.075542,-902.325326,-530.032798,-965.655657,-1339.609375,-572.738067,-210.270049,240.690752,363.867135,497.783175
2023-12-01,expanding,275,6177.445783,238.521424,-660.227345,451.571446,-254.471906,-44.326709,8.605621,334.009265,45.211655,-434.800116,-3.584444,78.734466,400.696266,168.975935,421.946784
2023-12-01,recent_60m,60,5586.397418,250.532605,-989.837092,34.07788,-1035.55358,-981.514684,-908.36125,-536.943889,-971.774101,-1344.217832,-575.531668,-258.747669,241.1621,364.76381,497.866757
2024-01-01,expanding,276,6161.810837,237.811966,-653.560493,470.454878,-230.817334,-19.351828,34.856912,360.603701,71.169058,-409.662542,20.522814,101.146927,384.318758,168.522003,428.711876
2024-01-01,recent_60m,60,5455.675526,252.21245,-955.17828,90.930262,-938.848536,-886.034875,-814.020171,-442.986585,-877.469209,-1249.250786,-479.768779,-171.85208,163.96837,365.157016,523.836009
2024-02-01,expanding,277,6157.338722,237.65534,-646.761662,476.840034,-224.567188,-12.817303,41.673644,367.496286,77.920768,-403.092126,26.865396,107.529233,391.068967,168.421634,428.474421
2024-02-01,recent_60m,60,5375.133057,252.516125,-890.837017,158.866246,-864.455484,-811.863316,-740.054468,-369.090258,-803.510047,-1175.171923,-405.546047,-99.067346,229.656118,365.228098,528.045343
2024-03-01,expanding,278,6156.598596,237.663471,-646.082652,477.360942,-223.920125,-12.184291,42.291963,368.110658,78.542477,-402.460974,27.508413,108.12869,391.389968,168.42686,428.660301
2024-03-01,recent_60m,60,4965.602593,268.867351,-930.241426,212.524344,-786.037364,-745.371363,-684.646658,-317.418025,-748.454466,-1113.671093,-336.298658,-35.954773,262.908678,369.055476,545.008086
2024-04-01,expanding,279,6173.499119,237.031182,-648.563324,438.967194,-233.634965,-20.758541,34.857402,360.982411,70.845278,-410.890357,18.15889,99.372184,386.822735,168.021514,425.89223
2024-04-01,recent_60m,60,4976.066976,267.18804,-923.360654,182.903029,-762.495685,-720.604837,-658.741762,-291.129477,-722.513396,-1088.391966,-311.815122,-13.595649,274.724168,368.662395,551.367359
2024-05-01,expanding,280,6178.887288,235.672801,-645.757852,447.319808,-283.372274,-11.779765,42.986308,368.999808,79.526642,-401.400404,28.62396,109.354741,392.52243,168.380646,428.833935
2024-05-01,recent_60m,60,4872.558801,272.384447,-925.320191,179.012756,-950.041092,-726.114038,-667.773496,-301.348374,-731.657068,-1095.487342,-316.448648,-17.856327,272.449819,369.878733,549.927262
2024-06-01,expanding,281,6180.340271,235.320133,-645.043715,449.445391,-279.990778,-9.042435,72.496162,401.578989,104.684183,-385.620997,32.772369,111.896076,393.97507,163.522152,429.582123
2024-06-01,recent_60m,60,4698.406683,281.127383,-928.617105,172.467387,-961.676364,-926.881099,-731.250623,-372.470897,-789.674534,-1131.474824,-326.613053,-25.024904,268.623235,381.034891,547.504303
2024-07-01,expanding,282,6184.050719,234.416707,-643.211253,454.899732,-274.837523,-38.255705,-32.596764,332.920394,54.826959,-411.759747,36.014036,118.417046,397.702132,175.732624,431.502097
2024-07-01,recent_60m,60,4671.270061,282.489719,-929.130835,171.447479,-963.489388,-1161.856731,-1260.30216,-776.668763,-1109.488601,-1312.390688,-345.462091,-26.141921,268.026971,449.177896,547.126754
2024-08-01,expanding,283,6184.445961,234.320704,-643.016775,455.478588,-274.003944,-35.405179,-27.965435,333.943433,58.843666,-409.113214,36.960358,119.109117,398.097714,175.020869,431.705852
2024-08-01,recent_60m,60,4900.568773,270.978266,-924.789928,180.065489,-948.169718,-1025.079811,-1056.327307,-679.028667,-936.951285,-1210.770061,-326.737484,-16.703361,273.065272,413.944574,550.316961
2024-09-01,expanding,284,6186.448645,233.834086,-642.030822,458.413239,-269.992846,-25.415379,-12.696522,350.864567,50.640351,-399.760027,41.306401,122.617732,400.103189,172.917662,432.738842
2024-09-01,recent_60m,60,4961.874624,267.900537,-923.629333,182.36962,-944.073815,-963.755806,-963.429089,-571.880941,-959.784726,-1164.491404,-319.849269,-14.179844,274.412325,397.286204,551.169902
2024-10-01,expanding,285,6190.612934,232.820443,-639.97511,464.532072,-263.857811,-50.839954,-65.980806,289.067587,6.398447,-472.675144,45.686661,129.93316,404.28436,184.136845,434.892714
2024-10-01,recent_60m,60,4840.513739,273.993201,-925.926844,177.808368,-952.182054,-1008.517582,-1028.568217,-646.40571,-1018.752411,-1328.449075,-327.659103,-19.17539,271.745704,407.855156,549.481422
2024-11-01,expanding,286,6194.512897,231.872213,-638.05322,470.252536,-256.790645,-46.968703,-64.929143,289.306498,8.528576,-468.093159,7.781929,136.772394,408.193494,185.300594,436.906323
2024-11-01,recent_60m,60,4691.691936,281.464483,-928.744224,172.215019,-962.124983,-1009.597676,-1025.056699,-641.187042,-1018.372101,-1335.125941,-514.454744,-25.301301,268.475694,405.081635,547.410881
2024-12-01,expanding,287,6202.79388,231.047607,-637.66827,471.34447,-255.314369,-44.047518,-60.725572,293.952178,12.484191,-465.062351,9.742459,98.229541,409.140081,184.813324,437.251853
2024-12-01,recent_60m,60,4776.425719,278.145019,-932.551334,164.677849,-976.320171,-1020.749369,-1034.410798,-649.584936,-1027.723095,-1346.077256,-526.860756,-184.293282,260.956226,404.272608,543.558304
2025-01-01,expanding,288,6175.010508,230.122598,-627.482944,502.008825,-216.630222,-3.700492,-18.942109,336.230937,53.990172,-424.592071,49.014108,134.706201,392.232449,184.267563,448.296598
2025-01-01,recent_60m,60,4919.26372,267.459791,-909.495536,210.371231,-892.097059,-926.72936,-934.604404,-546.700554,-927.906704,-1251.41224,-436.878353,-99.692121,218.338506,401.66838,564.469023
2025-02-01,expanding,289,6174.799461,230.107068,-626.794734,502.48411,-216.23491,-3.278453,-18.495894,336.685485,54.431709,-424.16797,49.418031,135.137286,392.831876,184.258376,448.180629
2025-02-01,recent_60m,60,4740.389892,270.665692,-817.242678,309.325619,-781.348638,-818.920313,-828.531453,-441.551095,-821.836752,-1143.796715,-327.857899,7.310006,314.888468,402.449729,571.169685
2025-03-01,expanding,290,6175.764064,230.094602,-627.768734,501.83119,-217.051007,-4.073641,-19.271649,335.916429,53.652191,-424.961507,48.608268,134.383495,392.413446,184.250991,447.948535
2025-03-01,recent_60m,60,4806.15774,265.864374,-731.770335,327.854734,-745.088479,-778.258001,-785.269077,-396.905651,-778.569884,-1102.844575,-289.009851,43.67501,337.018572,401.279541,580.797981
2025-04-01,expanding,291,6205.005164,229.159163,-632.239478,439.299376,-235.200336,-20.605637,-34.347813,321.342128,38.294399,-441.369294,30.985334,117.940717,383.438886,183.697793,442.818039
2025-04-01,recent_60m,60,5284.828261,239.540263,-700.943153,345.959658,-664.371638,-673.40554,-666.161287,-270.214936,-659.437468,-996.403076,-194.104431,132.953192,391.606592,394.863768,605.063663
2025-05-01,expanding,292,6210.7627,227.683391,-629.098887,448.966163,-291.112102,-10.094222,-24.717024,330.787134,48.489838,-430.229309,43.190158,129.547653,390.266094,184.100727,446.221615
2025-05-01,recent_60m,60,5877.302744,210.970485,-688.284187,372.845445,-603.583921,-632.577649,-609.861968,-205.685804,-603.111422,-953.850589,-164.072146,161.813313,409.607875,387.900676,613.773961
2025-06-01,expanding,293,6214.042915,226.8724,-627.402363,454.186799,-285.620358,-69.222719,-64.307567,284.805733,15.700443,-445.766423,47.421485,135.817996,393.95748,192.528902,448.058905
2025-06-01,recent_60m,60,6250.868264,192.95674,-680.302487,389.797404,-576.343625,-372.870377,-434.831634,-3.351825,-445.966536,-866.468606,-140.923959,180.010124,420.957999,357.183413,619.265957
2025-07-01,expanding,294,6215.196482,226.587771,-626.807532,456.017222,-282.967477,-60.052782,-61.504579,301.695644,28.952584,-437.284799,50.430627,138.016498,395.251815,190.177585,448.703065
2025-07-01,recent_60m,60,6713.043408,170.670141,-670.42753,410.770362,-542.641938,-240.318473,-167.781708,198.584298,-287.958712,-776.486721,-113.546044,202.523213,435.000368,327.061364,626.060652
2025-08-01,expanding,295,6216.030538,226.381735,-626.376698,457.342999,-281.353864,-59.918627,-62.77067,290.043826,28.076362,-437.037027,51.964453,139.60886,396.189267,190.720424,449.169639
2025-08-01,recent_60m,60,6911.445081,161.102992,-666.188428,419.773594,-528.174542,-265.258807,-222.390674,206.735613,-337.554839,-796.318013,-105.859986,212.187589,441.02845,339.547386,628.977465
2025-09-01,expanding,296,6218.893683,225.674432,-624.897668,461.894325,-275.84125,-60.025303,-68.195467,283.253681,-10.345445,-436.700306,57.173715,145.075354,399.407487,192.779717,450.771362
2025-09-01,recent_60m,60,7328.804663,140.977449,-657.271012,438.712875,-497.740794,-249.971246,-218.174087,211.584401,-232.414411,-789.64082,-86.324951,232.51766,453.709178,344.772018,635.113302
2025-10-01,expanding,297,6222.798819,224.709948,-622.881082,468.09983,-268.036648,-54.074097,-64.00129,287.041535,-5.38023,-477.427882,64.881205,152.52866,403.795404,193.483401,452.955225
2025-10-01,recent_60m,60,7620.593527,126.907066,-651.036574,451.953906,-476.463629,-272.899587,-274.315739,153.79677,-269.299928,-746.814877,-74.337787,246.731035,462.574664,358.864577,639.403053
2025-11-01,expanding,298,6226.904362,223.695923,-620.760869,474.624219,-259.886641,-48.993454,-61.828055,288.506768,-2.044232,-471.686611,23.071601,160.364969,408.408797,194.629235,455.251312
2025-11-01,recent_60m,60,7821.146431,117.236182,-646.751508,461.054758,-461.839365,-281.110057,-299.634327,127.815726,-284.196526,-743.578887,-8.868511,256.5002,468.668107,366.20639,642.351493
2025-12-01,expanding,299,6221.935168,222.654418,-616.263888,488.566188,-242.077972,-29.045433,-39.870559,311.060342,19.448232,-451.598746,41.523213,128.284192,417.921938,193.892891,460.225583
2025-12-01,recent_60m,60,8090.589102,104.417909,-642.103606,470.896621,-446.075466,-256.790207,-268.572333,160.410988,-253.788623,-717.590719,13.304525,286.353771,474.69867,363.880999,645.385148
2026-01-01,expanding,300,6282.485175,222.230903,-630.233293,444.91482,-297.335513,-83.50069,-93.505266,257.668928,-34.376711,-505.997507,-13.543977,76.897138,354.65781,193.592155,444.429623
2026-01-01,recent_60m,60,8528.531488,89.968035,-675.115217,399.654042,-562.50815,-363.577879,-367.759672,62.952082,-353.71331,-822.497716,-95.903221,186.469177,369.182202,361.259615,616.388734
2026-02-01,expanding,301,6279.192307,222.167921,-627.203757,448.683781,-293.266575,-79.302042,-89.185117,262.025118,-30.084679,-501.7904,-9.435802,80.906176,358.071571,193.547633,444.819868
2026-02-01,recent_60m,60,8916.894484,85.217674,-900.976219,147.724872,-845.175613,-643.074568,-644.75777,-213.477798,-630.95381,-1101.376137,-376.195504,-87.978765,134.047819,360.397842,596.929887
2026-03-01,expanding,302,6299.889208,221.509927,-665.239571,438.645499,-305.824941,-90.534303,-99.146559,252.440603,-40.340343,-512.934451,-21.614747,69.495535,352.206056,193.081938,441.252055
2026-03-01,recent_60m,60,9479.38336,65.542349,-870.048012,64.704937,-969.888509,-754.654565,-745.988956,-312.355505,-733.188988,-1210.395358,-491.070738,-193.631189,84.200721,356.828497,569.847029
2026-04-01,expanding,303,6317.867715,220.821208,-667.44652,395.218372,-315.28911,-98.606442,-105.88874,246.092895,-47.390418,-520.914239,-30.677573,60.988142,347.880615,192.594574,438.571751
2026-04-01,recent_60m,60,9416.323411,67.63345,-867.421013,59.66823,-953.35557,-739.517396,-731.951663,-298.56834,-719.04499,-1195.53035,-475.58335,-179.350101,90.93582,357.207848,573.532894
2026-05-01,expanding,304,6320.918661,220.019188,-665.694198,400.800082,-346.561345,-92.148217,-99.708283,252.248907,-40.961832,-514.151515,-23.539192,67.758936,351.648085,192.72655,440.566865
2026-05-01,recent_60m,60,9266.685062,74.125077,-867.900033,58.76888,-869.959997,-738.650772,-734.4995,-301.892678,-721.261572,-1195.508622,-473.629504,-177.960048,91.62188,358.385509,573.614406
2026-06-01,expanding,305,6322.676122,219.574629,-664.738915,403.842212,-342.062239,-94.831434,-71.178333,283.925574,-16.257149,-498.516147,-18.387606,71.450139,353.703742,188.230469,441.653782
2026-06-01,recent_60m,60,9429.81194,67.04829,-867.377834,59.749299,-868.551571,-664.433277,-788.215875,-356.758808,-763.361561,-1216.492934,-475.759471,-179.475402,90.873978,367.082943,573.525547
2026-07-01,expanding,306,6323.698041,219.315961,-664.182919,405.612807,-339.663646,-89.729164,-75.949697,292.01344,-9.625213,-493.782253,-15.84992,73.5985,354.900162,187.282707,442.286399
2026-07-01,recent_60m,60,9507.65392,63.671341,-867.128647,60.217141,-867.879488,-677.771187,-753.061413,-383.396842,-783.798667,-1226.670013,-476.775863,-180.198509,90.517089,371.31117,573.483144
2026-08-01,expanding,307,6324.221062,219.18347,-663.898037,406.520033,-338.569952,-90.152584,-77.751377,283.138516,-10.991702,-494.042113,-14.832976,74.699281,355.513174,187.823631,442.610546
2026-08-01,recent_60m,60,9497.378766,64.117098,-867.16154,60.155386,-867.968203,-668.661761,-737.814059,-280.291279,-771.404002,-1220.760802,-476.641699,-180.103059,90.564198,368.578836,573.488741
