period,total_gwh,residential_gwh,residential_share_percent,residential_index_2015_100,residential_yoy_percent,commerce_industry_gwh,commerce_industry_share_percent,commerce_industry_index_2015_100,commerce_industry_yoy_percent,large_users_gwh,large_users_share_percent,large_users_index_2015_100,large_users_yoy_percent
2005-01-01,7983.28,2717.678,34.042,58.841,,3750.612,46.981,88.412,,1514.99,18.977,70.523,
2005-02-01,7248.88,2298.744,31.712,49.77,,3479.876,48.006,82.03,,1470.26,20.283,68.441,
2005-03-01,7689.91,2384.287,31.005,51.622,,3690.043,47.986,86.984,,1615.58,21.009,75.205,
2005-04-01,7213.14,2184.768,30.289,47.303,,3492.142,48.414,82.319,,1536.23,21.298,71.512,
2005-05-01,7668.55,2479.291,32.331,53.679,,3597.299,46.91,84.798,,1591.96,20.76,74.106,
2005-06-01,7719.71,2679.416,34.709,58.012,,3498.704,45.322,82.474,,1541.59,19.97,71.761,
2005-07-01,8061.62,2896.148,35.925,62.705,,3628.562,45.01,85.535,,1536.91,19.065,71.543,
2005-08-01,7953.5,2737.632,34.42,59.273,,3587.508,45.106,84.567,,1628.36,20.474,75.8,
2005-09-01,7508.4,2454.398,32.689,53.14,,3449.992,45.948,81.325,,1604.01,21.363,74.667,
2005-10-01,7403.31,2266.127,30.61,49.064,,3495.353,47.213,82.395,,1641.83,22.177,76.427,
2005-11-01,7784.34,2415.443,31.03,52.297,,3642.277,46.79,85.858,,1726.62,22.181,80.374,
2005-12-01,8098.31,2572.563,31.767,55.699,,3790.507,46.806,89.352,,1735.24,21.427,80.776,
2006-01-01,7957.9,2830.373,35.567,61.281,4.147,3428.727,43.086,80.824,-8.582,1698.8,21.347,79.079,12.133
2006-02-01,7395.7,2515.396,34.012,54.461,9.425,3261.454,44.099,76.881,-6.277,1618.85,21.889,75.358,10.106
2006-03-01,8037.6,2474.69,30.789,53.58,3.792,3540.41,44.048,83.457,-4.055,2022.5,25.163,94.148,25.187
2006-04-01,7555.6,2258.193,29.888,48.892,3.361,3318.147,43.916,78.217,-4.982,1979.26,26.196,92.135,28.839
2006-05-01,8116.1,2696.051,33.219,58.372,8.743,3416.579,42.096,80.538,-5.024,2003.47,24.685,93.262,25.849
2006-06-01,8248.9,2963.715,35.929,64.168,10.61,3374.495,40.908,79.546,-3.55,1910.69,23.163,88.943,23.943
2006-07-01,8313.5,2993.796,36.011,64.819,3.372,3392.594,40.808,79.972,-6.503,1927.11,23.18,89.707,25.389
2006-08-01,8497.0,3107.201,36.568,67.274,13.5,3472.059,40.862,81.846,-3.218,1917.74,22.57,89.271,17.771
2006-09-01,7828.4,2614.886,33.403,56.615,6.539,3291.477,42.045,77.589,-4.595,1922.037,24.552,89.471,19.827
2006-10-01,8025.1,2530.829,31.536,54.795,11.681,3503.241,43.654,82.581,0.226,1991.03,24.81,92.683,21.269
2006-11-01,7998.1,2551.555,31.902,55.244,5.635,3489.625,43.631,82.26,-4.191,1956.92,24.467,91.095,13.338
2006-12-01,8838.9,3071.673,34.752,66.505,19.401,3802.947,43.025,89.646,0.328,1964.28,22.223,91.438,13.199
2007-01-01,8743.2,3079.471,35.221,66.674,8.801,3735.829,42.728,88.063,8.957,1927.9,22.05,89.744,13.486
2007-02-01,8158.2,2790.054,34.199,60.408,10.919,3574.996,43.821,84.272,9.614,1793.15,21.98,83.471,10.767
2007-03-01,8637.8,2853.558,33.036,61.783,15.31,3795.382,43.939,89.467,7.202,1988.86,23.025,92.582,-1.663
2007-04-01,8010.4,2610.215,32.585,56.514,15.589,3525.255,44.008,83.1,6.242,1874.93,23.406,87.278,-5.271
2007-05-01,8789.5,3161.771,35.972,68.456,17.274,3731.939,42.459,87.972,9.23,1895.79,21.569,88.249,-5.375
2007-06-01,8851.4,3576.113,40.402,77.427,20.663,3535.967,39.948,83.352,4.785,1739.32,19.65,80.966,-8.969
2007-07-01,9024.5,3807.798,42.194,82.443,27.19,3564.032,39.493,84.014,5.053,1652.67,18.313,76.932,-14.241
2007-08-01,9106.5,3726.224,40.918,80.677,19.922,3589.396,39.416,84.612,3.379,1790.88,19.666,83.366,-6.615
2007-09-01,8082.6,2838.982,35.125,61.467,8.57,3370.048,41.695,79.441,2.387,1873.57,23.18,87.215,-2.522
2007-10-01,8370.4,2810.846,33.581,60.858,11.064,3654.304,43.657,86.142,4.312,1905.25,22.762,88.69,-4.308
2007-11-01,8254.4,2717.576,32.923,58.838,6.507,3591.714,43.513,84.666,2.926,1945.11,23.565,90.545,-0.603
2007-12-01,8921.4,3138.571,35.18,67.953,2.178,3815.519,42.768,89.942,0.331,1967.31,22.052,91.579,0.154
2008-01-01,9175.1,3420.283,37.278,74.053,11.067,3811.277,41.539,89.842,2.02,1943.54,21.183,90.472,0.811
2008-02-01,8728.8,3073.664,35.213,66.548,10.165,3705.406,42.45,87.346,3.648,1949.73,22.337,90.76,8.732
2008-03-01,8594.5,2894.605,33.68,62.671,1.438,3678.195,42.797,86.705,-3.088,2021.7,23.523,94.11,1.651
2008-04-01,8286.6,2764.962,33.367,59.864,5.929,3526.868,42.561,83.138,0.046,1994.77,24.072,92.857,6.392
2008-05-01,8777.8,3102.396,35.344,67.17,-1.878,3625.434,41.302,85.461,-2.854,2049.97,23.354,95.426,8.133
2008-06-01,9209.8,3699.403,40.168,80.096,3.448,3582.687,38.901,84.453,1.321,1927.71,20.931,89.735,10.831
2008-07-01,9127.1,3626.348,39.732,78.514,-4.765,3476.582,38.091,81.952,-2.454,2024.17,22.178,94.225,22.479
2008-08-01,9025.3,3438.115,38.094,74.439,-7.732,3488.405,38.651,82.231,-2.814,2098.78,23.254,97.699,17.193
2008-09-01,8587.6,3061.343,35.648,66.281,7.832,3375.917,39.312,79.579,0.174,2150.34,25.04,100.099,14.772
2008-10-01,8477.2,2898.784,34.195,62.762,3.129,3417.156,40.31,80.551,-6.49,2161.26,25.495,100.607,13.437
2008-11-01,8914.9,3159.108,35.436,68.398,16.247,3681.432,41.295,86.781,2.498,2074.36,23.268,96.562,6.645
2008-12-01,9053.4,3471.033,38.34,75.152,10.593,3691.127,40.771,87.01,-3.26,1891.24,20.89,88.038,-3.867
2009-01-01,9086.1,3533.299,38.887,76.5,3.304,3658.961,40.27,86.251,-3.996,1893.84,20.843,88.159,-2.557
2009-02-01,8241.6,3105.44,37.68,67.236,1.034,3404.18,41.305,80.246,-8.129,1731.98,21.015,80.624,-11.168
2009-03-01,8955.6,3336.438,37.255,72.237,15.264,3769.532,42.091,88.858,2.483,1849.63,20.653,86.101,-8.511
2009-04-01,8104.7,2813.071,34.709,60.906,1.74,3391.869,41.851,79.955,-3.828,1899.76,23.44,88.434,-4.763
2009-05-01,8435.3,3047.803,36.132,65.988,-1.76,3510.857,41.621,82.76,-3.16,1876.64,22.247,87.358,-8.455
2009-06-01,9114.2,3721.346,40.83,80.571,0.593,3529.784,38.728,83.206,-1.477,1863.07,20.441,86.726,-3.353
2009-07-01,9508.0,4052.004,42.617,87.73,11.738,3612.156,37.991,85.148,3.9,1843.84,19.393,85.831,-8.909
2009-08-01,8738.4,3502.447,40.081,75.832,1.871,3400.943,38.92,80.169,-2.507,1835.01,20.999,85.42,-12.568
2009-09-01,8350.2,3023.058,36.203,65.452,-1.251,3474.772,41.613,81.91,2.928,1852.37,22.184,86.228,-13.857
2009-10-01,8420.7,3027.54,35.954,65.549,4.442,3471.55,41.226,81.834,1.592,1921.61,22.82,89.451,-11.088
2009-11-01,8644.0,3065.794,35.467,66.378,-2.954,3643.166,42.147,85.879,-1.039,1935.04,22.386,90.076,-6.716
2009-12-01,9023.6,3336.758,36.978,72.244,-3.868,3780.482,41.895,89.116,2.421,1906.36,21.126,88.741,0.799
2010-01-01,9740.0,3931.898,40.369,85.13,11.281,3934.752,40.398,92.752,7.537,1873.35,19.234,87.205,-1.082
2010-02-01,8773.9,3361.184,38.309,72.773,8.235,3579.086,40.792,84.369,5.138,1833.63,20.899,85.356,5.869
2010-03-01,9518.9,3540.492,37.194,76.655,6.116,3911.778,41.095,92.211,3.774,2066.63,21.711,96.202,11.732
2010-04-01,8434.1,2875.625,34.095,62.26,2.224,3598.085,42.661,84.816,6.08,1960.39,23.244,91.256,3.191
2010-05-01,8866.4,3296.137,37.176,71.365,8.148,3631.273,40.955,85.599,3.43,1938.99,21.869,90.26,3.322
2010-06-01,9367.0,3825.755,40.843,82.832,2.806,3646.075,38.925,85.948,3.295,1895.17,20.232,88.22,1.723
2010-07-01,10081.1,4346.177,43.112,94.099,7.26,3794.323,37.638,89.442,5.043,1940.6,19.25,90.335,5.248
2010-08-01,9733.1,4043.618,41.545,87.549,15.451,3702.052,38.036,87.267,8.854,1987.43,20.419,92.515,8.306
2010-09-01,8755.9,3237.488,36.975,70.095,7.093,3594.482,41.052,84.731,3.445,1923.93,21.973,89.559,3.863
2010-10-01,8567.7,3018.133,35.227,65.346,-0.311,3608.487,42.117,85.062,3.945,1941.08,22.656,90.358,1.013
2010-11-01,8834.6,3155.481,35.717,68.32,2.925,3715.389,42.055,87.582,1.982,1963.73,22.228,91.412,1.483
2010-12-01,10125.7,4020.361,39.705,87.045,20.487,4161.809,41.101,98.105,10.087,1943.53,19.194,90.472,1.95
2011-01-01,10231.0,4215.174,41.2,91.263,7.205,4056.286,39.647,95.617,3.089,1959.54,19.153,91.217,4.601
2011-02-01,9129.0,3363.751,36.847,72.829,0.076,3678.869,40.299,86.721,2.788,2086.38,22.854,97.121,13.784
2011-03-01,9863.0,3622.66,36.73,78.434,2.321,3960.43,40.154,93.358,1.244,2279.91,23.116,106.13,10.32
2011-04-01,8917.8,3051.537,34.218,66.069,6.117,3751.863,42.072,88.441,4.274,2114.4,23.71,98.426,7.856
2011-05-01,9560.4,3561.464,37.252,77.11,8.05,3833.536,40.098,90.367,5.57,2165.4,22.65,100.8,11.677
2011-06-01,10135.8,4211.284,41.549,91.179,10.077,3837.306,37.859,90.455,5.245,2087.21,20.592,97.16,10.133
2011-07-01,10562.6,4613.925,43.682,99.896,6.161,3860.355,36.547,90.999,1.74,2088.32,19.771,97.212,7.612
2011-08-01,10311.9,4289.444,41.597,92.871,6.079,3880.286,37.629,91.469,4.814,2142.17,20.774,99.718,7.786
2011-09-01,9089.5,3342.414,36.772,72.367,3.241,3644.416,40.095,85.909,1.389,2102.67,23.133,97.88,9.29
2011-10-01,9062.4,3138.281,34.63,67.947,3.981,3781.749,41.73,89.146,4.802,2142.37,23.64,99.728,10.37
2011-11-01,9505.9,3485.202,36.664,75.458,10.449,3950.608,41.56,93.126,6.331,2070.09,21.777,96.363,5.416
2011-12-01,10118.6,3969.237,39.227,85.938,-1.272,4178.333,41.294,98.494,0.397,1971.03,19.479,91.752,1.415
2012-01-01,10806.8,4505.198,41.689,97.542,6.88,4381.242,40.542,103.277,8.011,1920.36,17.77,89.393,-1.999
2012-02-01,10089.2,4043.826,40.081,87.553,20.218,4020.41,39.849,94.772,9.284,2024.964,20.071,94.262,-2.944
2012-03-01,10178.0,3799.951,37.335,82.273,4.894,4161.501,40.887,98.098,5.077,2216.548,21.778,103.181,-2.779
2012-04-01,8970.0,3123.4,34.821,67.625,2.355,3781.6,42.158,89.142,0.793,2065.0,23.021,96.126,-2.336
2012-05-01,9601.7,3606.529,37.561,78.085,1.265,3804.171,39.62,89.674,-0.766,2191.0,22.819,101.991,1.182
2012-06-01,10297.0,4287.29,41.636,92.824,1.805,3856.71,37.455,90.913,0.506,2153.0,20.909,100.222,3.152
2012-07-01,11071.7,4950.421,44.712,107.182,7.293,3998.482,36.114,94.255,3.578,2122.797,19.173,98.817,1.651
2012-08-01,10408.3,4352.486,41.817,94.236,1.47,3859.702,37.083,90.983,-0.53,2196.112,21.1,102.229,2.518
2012-09-01,9338.6,3512.345,37.611,76.046,5.084,3653.955,39.127,86.133,0.262,2172.3,23.262,101.121,3.312
2012-10-01,9608.0,3532.067,36.762,76.473,12.548,3792.433,39.472,89.398,0.283,2283.5,23.767,106.297,6.588
2012-11-01,10031.4,3759.791,37.48,81.404,7.879,3986.909,39.744,93.982,0.919,2284.7,22.775,106.353,10.367
2012-12-01,10824.3,4285.47,39.591,92.785,7.967,4311.93,39.836,101.644,3.197,2226.9,20.573,103.663,12.982
2013-01-01,11134.119,4538.446,40.762,98.262,0.738,4403.673,39.551,103.806,0.512,2192.0,19.687,102.038,14.145
2013-02-01,9834.16,3961.686,40.285,85.775,-2.031,3923.974,39.901,92.498,-2.399,1948.5,19.814,90.703,-3.776
2013-03-01,9756.129,3612.835,37.031,78.222,-4.924,3899.194,39.967,91.914,-6.303,2244.1,23.002,104.463,1.243
2013-04-01,9307.334,3239.381,34.805,70.136,3.713,3852.153,41.388,90.805,1.866,2215.8,23.807,103.146,7.303
2013-05-01,10232.825,3919.669,38.305,84.865,8.683,4015.256,39.239,94.65,5.549,2297.9,22.456,106.968,4.879
2013-06-01,10360.537,4409.514,42.561,95.471,2.851,3836.723,37.032,90.442,-0.518,2114.3,20.407,98.421,-1.797
2013-07-01,11156.173,5088.495,45.611,110.171,2.789,3929.678,35.224,92.633,-1.721,2138.0,19.164,99.524,0.716
2013-08-01,10904.479,4782.603,43.859,103.549,9.882,3915.176,35.904,92.291,1.437,2206.7,20.237,102.722,0.482
2013-09-01,10195.873,4072.686,39.944,88.178,15.953,3909.287,38.342,92.152,6.988,2213.9,21.714,103.057,1.915
2013-10-01,10045.716,3744.478,37.274,81.072,6.014,3967.437,39.494,93.523,4.615,2333.8,23.232,108.639,2.203
2013-11-01,10015.702,3680.736,36.75,79.692,-2.103,4096.265,40.898,96.56,2.743,2238.7,22.352,104.212,-2.013
2013-12-01,12291.286,5338.634,43.434,115.587,24.575,4775.053,38.849,112.561,10.741,2177.6,17.717,101.368,-2.214
2014-01-01,12004.342,5350.967,44.575,115.854,17.903,4501.975,37.503,106.123,2.232,2151.4,17.922,100.148,-1.852
2014-02-01,9823.968,3883.775,39.534,84.088,-1.967,3875.393,39.448,91.353,-1.238,2064.8,21.018,96.117,5.969
2014-03-01,9789.799,3666.869,37.456,79.392,1.496,3944.03,40.287,92.971,1.15,2178.9,22.257,101.428,-2.905
2014-04-01,9595.374,3542.163,36.915,76.692,9.347,3869.911,40.331,91.224,0.461,2183.3,22.754,101.633,-1.467
2014-05-01,10409.105,4182.489,40.181,90.555,6.705,4007.216,38.497,94.461,-0.2,2219.4,21.322,103.313,-3.416
2014-06-01,10901.715,4790.674,43.944,103.723,8.644,3995.141,36.647,94.176,4.129,2115.9,19.409,98.495,0.076
2014-07-01,11363.942,5115.929,45.019,110.765,0.539,4121.013,36.264,97.143,4.869,2127.0,18.717,99.012,-0.514
2014-08-01,10490.682,4454.937,42.466,96.454,-6.851,3946.346,37.618,93.026,0.796,2089.4,19.917,97.262,-5.316
2014-09-01,9807.544,3746.935,38.205,81.125,-7.998,3942.809,40.202,92.942,0.858,2117.8,21.594,98.584,-4.341
2014-10-01,10706.493,4186.568,39.103,90.644,11.806,4233.926,39.545,99.805,6.717,2286.0,21.352,106.414,-2.048
2014-11-01,10344.737,3928.614,37.977,85.059,6.734,4181.123,40.418,98.56,2.072,2235.0,21.605,104.04,-0.165
2014-12-01,11229.378,4594.222,40.913,99.47,-13.944,4422.155,39.38,104.242,-7.39,2213.0,19.707,103.015,1.626
2015-01-01,11706.19,5096.406,43.536,110.343,-4.757,4485.882,38.321,105.744,-0.357,2123.903,18.143,98.868,-1.278
2015-02-01,10665.087,4438.153,41.614,96.091,14.274,4195.116,39.335,98.89,8.25,2031.817,19.051,94.581,-1.597
2015-03-01,11548.527,4823.968,41.771,104.444,31.556,4487.951,38.862,105.793,13.791,2236.608,19.367,104.114,2.648
2015-04-01,10026.435,3756.853,37.469,81.34,6.061,4112.087,41.012,96.933,6.258,2157.495,21.518,100.432,-1.182
2015-05-01,10467.634,4224.673,40.359,91.469,1.009,4096.946,39.139,96.576,2.239,2146.015,20.501,99.897,-3.307
2015-06-01,11254.42,4941.276,43.905,106.984,3.144,4222.781,37.521,99.542,5.698,2090.363,18.574,97.307,-1.207
2015-07-01,11907.362,5513.161,46.3,119.366,7.765,4299.603,36.109,101.353,4.334,2094.598,17.591,97.504,-1.523
2015-08-01,11130.263,4797.705,43.105,103.875,7.694,4221.519,37.928,99.512,6.973,2111.039,18.967,98.269,1.036
2015-09-01,10552.903,4350.514,41.226,94.193,16.109,4068.358,38.552,95.902,3.184,2134.031,20.222,99.339,0.766
2015-10-01,10722.174,4362.417,40.686,94.451,4.2,4083.189,38.082,96.252,-3.56,2276.569,21.232,105.975,-0.413
2015-11-01,10219.189,3922.901,38.388,84.935,-0.145,4073.261,39.859,96.018,-2.58,2223.027,21.753,103.482,-0.536
2015-12-01,11909.436,5196.472,43.633,112.509,13.109,4559.777,38.287,107.486,3.112,2153.186,18.08,100.231,-2.703
2016-01-01,12344.912,5651.445,45.78,122.36,10.891,4611.117,37.352,108.696,2.792,2082.35,16.868,96.934,-1.956
2016-02-01,11731.845,5012.873,42.729,108.534,12.95,4674.575,39.845,110.192,11.429,2044.397,17.426,95.167,0.619
2016-03-01,10461.476,4021.325,38.439,87.066,-16.639,4327.849,41.369,102.019,-3.567,2112.302,20.191,98.328,-5.558
2016-04-01,10292.001,4104.174,39.877,88.86,9.245,4148.354,40.307,97.788,0.882,2039.473,19.816,94.938,-5.47
2016-05-01,11358.012,4941.165,43.504,106.982,16.96,4359.506,38.383,102.765,6.409,2057.341,18.114,95.77,-4.132
2016-06-01,11812.947,5634.19,47.695,121.986,14.023,4282.499,36.253,100.95,1.414,1896.258,16.052,88.271,-9.286
2016-07-01,11929.645,5614.535,47.064,121.561,1.839,4365.765,36.596,102.913,1.539,1949.346,16.34,90.742,-6.935
2016-08-01,10855.442,4663.796,42.963,100.976,-2.791,4249.089,39.142,100.162,0.653,1942.556,17.895,90.426,-7.981
2016-09-01,10382.081,4351.182,41.91,94.208,0.015,4063.593,39.14,95.79,-0.117,1967.306,18.949,91.578,-7.813
2016-10-01,9956.039,3953.448,39.709,85.596,-9.375,3985.437,40.03,93.947,-2.394,2017.154,20.261,93.899,-11.395
2016-11-01,10132.541,3970.328,39.184,85.962,1.209,4142.364,40.882,97.646,1.697,2019.849,19.934,94.024,-9.14
2016-12-01,11853.854,5148.818,43.436,111.477,-0.917,4687.283,39.542,110.492,2.796,2017.753,17.022,93.927,-6.29
2017-01-01,12524.866,5681.817,45.364,123.017,0.537,4849.478,38.719,114.315,5.169,1993.571,15.917,92.801,-4.263
2017-02-01,11074.906,4618.226,41.7,99.99,-7.873,4551.831,41.1,107.299,-2.626,1904.849,17.2,88.671,-6.826
2017-03-01,11122.232,4470.715,40.196,96.796,11.175,4514.651,40.591,106.422,4.316,2136.865,19.213,99.471,1.163
2017-04-01,9793.759,3754.33,38.334,81.285,-8.524,3986.45,40.704,93.971,-3.903,2052.978,20.962,95.566,0.662
2017-05-01,10795.213,4524.025,41.908,97.95,-8.442,4136.935,38.322,97.518,-5.105,2134.254,19.77,99.35,3.738
2017-06-01,11359.331,5180.585,45.606,112.165,-8.051,4150.184,36.535,97.831,-3.09,2028.561,17.858,94.43,6.977
2017-07-01,11796.426,5460.616,46.29,118.228,-2.741,4259.709,36.11,100.413,-2.429,2076.101,17.599,96.643,6.502
2017-08-01,11107.251,4767.355,42.921,103.218,2.22,4209.854,37.902,99.237,-0.923,2130.041,19.177,99.154,9.651
2017-09-01,10348.585,4217.809,40.757,91.32,-3.065,4047.932,39.116,95.42,-0.385,2082.844,20.127,96.957,5.873
2017-10-01,10227.329,3979.73,38.913,86.165,0.665,4116.218,40.247,97.03,3.281,2131.382,20.84,99.216,5.663
2017-11-01,10355.727,4035.432,38.968,87.371,1.64,4172.293,40.29,98.352,0.723,2148.002,20.742,99.99,6.345
2017-12-01,12024.595,5216.357,43.381,112.94,1.312,4700.319,39.089,110.799,0.278,2107.919,17.53,98.124,4.469
2018-01-01,12350.183,5468.676,44.28,118.403,-3.751,4781.389,38.715,112.71,-1.404,2100.118,17.005,97.761,5.345
2018-02-01,11404.203,4963.985,43.528,107.476,7.487,4409.164,38.663,103.936,-3.134,2031.054,17.81,94.546,6.625
2018-03-01,11247.242,4493.104,39.948,97.281,0.501,4549.204,40.447,107.237,0.765,2204.934,19.604,102.64,3.185
2018-04-01,10493.315,4084.283,38.923,88.429,8.789,4264.485,40.64,100.525,6.974,2144.546,20.437,99.829,4.46
2018-05-01,10665.462,4282.855,40.156,92.728,-5.331,4232.136,39.681,99.763,2.301,2150.471,20.163,100.105,0.76
2018-06-01,11925.912,5589.929,46.872,121.028,7.901,4314.392,36.177,101.702,3.957,2021.592,16.951,94.105,-0.344
2018-07-01,12607.553,6193.357,49.124,134.093,13.419,4395.429,34.863,103.612,3.186,2018.766,16.012,93.974,-2.762
2018-08-01,11721.305,5381.906,45.916,116.524,12.891,4291.442,36.612,101.161,1.938,2047.958,17.472,95.333,-3.854
2018-09-01,9792.369,3928.162,40.115,85.049,-6.867,3907.997,39.909,92.122,-3.457,1956.21,19.977,91.062,-6.08
2018-10-01,9904.219,3944.595,39.827,85.405,-0.883,3978.89,40.174,93.793,-3.336,1980.734,19.999,92.203,-7.068
2018-11-01,10035.149,4001.581,39.876,86.639,-0.839,4041.072,40.269,95.259,-3.145,1992.496,19.855,92.751,-7.24
2018-12-01,10863.013,4687.899,43.155,101.498,-10.131,4305.44,39.634,101.491,-8.401,1869.673,17.211,87.034,-11.302
2019-01-01,11698.82,5280.257,45.135,114.323,-3.445,4507.317,38.528,106.249,-5.732,1911.246,16.337,88.969,-8.993
2019-02-01,10706.955,4640.571,43.342,100.473,-6.515,4236.763,39.57,99.872,-3.91,1829.621,17.088,85.169,-9.918
2019-03-01,10120.058,3995.743,39.483,86.512,-11.069,4155.842,41.065,97.964,-8.647,1968.473,19.451,91.633,-10.724
2019-04-01,9572.131,3647.812,38.109,78.979,-10.687,3971.245,41.488,93.613,-6.876,1953.073,20.404,90.916,-8.928
2019-05-01,10382.062,4358.227,41.978,94.36,1.76,4051.569,39.025,95.506,-4.267,1972.266,18.997,91.809,-8.287
2019-06-01,10649.855,4815.895,45.22,104.269,-13.847,3985.741,37.425,93.954,-7.618,1848.219,17.354,86.035,-8.576
2019-07-01,12004.21,5807.83,48.382,125.746,-6.225,4257.408,35.466,100.358,-3.14,1938.972,16.152,90.259,-3.953
2019-08-01,11465.483,5201.899,45.37,112.627,-3.345,4206.693,36.69,99.163,-1.975,2056.891,17.94,95.749,0.436
2019-09-01,10218.088,4267.476,41.764,92.395,8.638,3934.538,38.506,92.747,0.679,2016.074,19.73,93.849,3.06
2019-10-01,10380.687,4222.296,40.675,91.417,7.04,4012.433,38.653,94.584,0.843,2145.958,20.673,99.895,8.342
2019-11-01,10559.966,4378.764,41.466,94.805,9.426,4144.931,39.251,97.707,2.57,2036.271,19.283,94.789,2.197
2019-12-01,11187.743,4911.899,43.904,106.348,4.778,4406.841,39.39,103.881,2.355,1869.002,16.706,87.002,-0.036
2020-01-01,11993.867,5593.447,46.636,121.104,5.931,4494.598,37.474,105.95,-0.282,1905.822,15.89,88.716,-0.284
2020-02-01,10843.474,4751.385,43.818,102.873,2.388,4218.645,38.905,99.445,-0.428,1873.444,17.277,87.209,2.395
2020-03-01,11144.232,5034.642,45.177,109.005,26.0,4318.452,38.751,101.797,3.913,1791.138,16.072,83.378,-9.009
2020-04-01,8537.2,3863.631,45.256,83.652,5.916,3269.808,38.301,77.078,-17.663,1403.761,16.443,65.345,-28.126
2020-05-01,9617.328,4687.332,48.738,101.486,7.551,3424.444,35.607,80.723,-15.479,1505.552,15.655,70.084,-23.664
2020-06-01,10781.715,5591.262,51.859,121.057,16.1,3635.874,33.723,85.707,-8.778,1554.579,14.419,72.366,-15.888
2020-07-01,12183.853,6521.316,53.524,141.193,12.285,4001.408,32.842,94.324,-6.013,1661.129,13.634,77.326,-14.329
2020-08-01,10728.379,5267.342,49.097,114.044,1.258,3741.76,34.877,88.203,-11.052,1719.277,16.026,80.033,-16.414
2020-09-01,10045.023,4693.462,46.724,101.619,9.982,3638.963,36.227,85.78,-7.512,1712.598,17.049,79.722,-15.053
2020-10-01,10013.844,4428.482,44.224,95.881,4.883,3758.741,37.535,88.603,-6.323,1826.622,18.241,85.03,-14.881
2020-11-01,10087.844,4330.624,42.929,93.763,-1.099,3851.369,38.178,90.787,-7.082,1905.851,18.893,88.718,-6.405
2020-12-01,11330.178,5258.409,46.411,113.85,7.054,4193.858,37.015,98.86,-4.833,1877.91,16.574,87.417,0.477
2021-01-01,11941.581,5661.217,47.408,122.571,1.212,4331.949,36.276,102.115,-3.619,1948.415,16.316,90.699,2.235
2021-02-01,10090.389,4363.836,43.247,94.482,-8.157,3880.341,38.456,91.47,-8.019,1846.212,18.297,85.941,-1.454
2021-03-01,11055.215,4718.155,42.678,102.153,-6.286,4239.222,38.346,99.93,-1.835,2097.838,18.976,97.655,17.123
2021-04-01,9817.738,3891.459,39.637,84.254,0.72,3909.054,39.816,92.147,19.55,2017.224,20.547,93.902,43.701
2021-05-01,10986.114,5010.924,45.611,108.492,6.904,3995.055,36.365,94.174,16.663,1980.135,18.024,92.176,31.522
2021-06-01,12053.804,6070.27,50.36,131.428,8.567,4011.805,33.282,94.569,10.339,1971.729,16.358,91.784,26.834
2021-07-01,12418.96,6268.417,50.475,135.718,-3.878,4148.275,33.403,97.786,3.67,2002.267,16.123,93.206,20.537
2021-08-01,11660.288,5534.852,47.468,119.835,5.079,4087.354,35.054,96.35,9.236,2038.082,17.479,94.873,18.543
2021-09-01,10374.794,4460.019,42.989,96.564,-4.974,3894.843,37.541,91.812,7.032,2019.931,19.47,94.028,17.945
2021-10-01,10451.324,4481.15,42.876,97.022,1.189,4023.81,38.5,94.852,7.052,1946.364,18.623,90.604,6.555
2021-11-01,10569.434,4450.331,42.106,96.354,2.764,4120.005,38.98,97.119,6.975,1999.097,18.914,93.058,4.893
2021-12-01,12457.845,5875.231,47.161,127.205,11.73,4637.28,37.224,109.313,10.573,1945.335,15.615,90.556,3.59
2022-01-01,13067.605,6464.484,49.47,139.963,14.189,4801.01,36.74,113.172,10.828,1802.111,13.791,83.889,-7.509
2022-02-01,10567.757,4612.567,43.648,99.867,5.7,4185.906,39.61,98.673,7.875,1769.284,16.742,82.36,-4.167
2022-03-01,10881.579,4481.119,41.181,97.021,-5.024,4393.401,40.375,103.564,3.637,2007.059,18.445,93.429,-4.327
2022-04-01,10147.364,3999.097,39.41,86.585,2.766,4100.351,40.408,96.656,4.894,2047.916,20.182,95.331,1.521
2022-05-01,11727.995,5346.351,45.586,115.754,6.694,4327.068,36.895,102.0,8.311,2054.576,17.519,95.641,3.759
2022-06-01,13074.47,6686.63,51.143,144.773,10.154,4432.275,33.9,104.48,10.481,1955.566,14.957,91.032,-0.82
2022-07-01,12639.619,6277.761,49.667,135.92,0.149,4421.696,34.983,104.231,6.591,1940.162,15.35,90.315,-3.102
2022-08-01,11782.42,5480.927,46.518,118.668,-0.974,4344.919,36.876,102.421,6.302,1956.574,16.606,91.079,-3.999
2022-09-01,10314.0,4294.969,41.642,92.991,-3.701,4060.319,39.367,95.712,4.249,1958.712,18.991,91.178,-3.031
2022-10-01,10221.299,4191.8,41.01,90.757,-6.457,4056.287,39.685,95.617,0.807,1973.211,19.305,91.853,1.379
2022-11-01,11323.713,4999.888,44.154,108.253,12.349,4287.904,37.867,101.077,4.075,2035.921,17.979,94.772,1.842
2022-12-01,13027.412,6321.389,48.524,136.865,7.594,4713.011,36.178,111.098,1.633,1993.013,15.299,92.775,2.451
2023-01-01,13593.483,6817.409,50.152,147.604,5.459,4831.821,35.545,113.899,0.642,1944.253,14.303,90.505,7.888
2023-02-01,11906.276,5684.563,47.744,123.077,23.241,4409.546,37.035,103.945,5.343,1812.167,15.22,84.357,2.424
2023-03-01,13996.905,6927.376,49.492,149.985,54.59,5016.57,35.841,118.254,14.184,2052.958,14.667,95.566,2.287
2023-04-01,10046.212,3985.954,39.676,86.3,-0.329,4131.21,41.122,97.384,0.753,1929.048,19.202,89.797,-5.804
2023-05-01,10815.47,4656.383,43.053,100.816,-12.905,4164.095,38.501,98.159,-3.766,1994.991,18.446,92.867,-2.9
2023-06-01,12071.781,5835.774,48.342,126.351,-12.725,4197.268,34.769,98.941,-5.302,2038.739,16.888,94.904,4.253
2023-07-01,12477.226,6277.162,50.309,135.907,-0.01,4321.339,34.634,101.865,-2.27,1878.726,15.057,87.455,-3.167
2023-08-01,11756.0,5501.922,46.801,119.123,0.383,4286.131,36.459,101.035,-1.353,1967.947,16.74,91.608,0.581
2023-09-01,10962.244,4894.325,44.647,105.967,13.955,4095.419,37.359,96.54,0.864,1972.501,17.994,91.82,0.704
2023-10-01,10454.126,4396.247,42.053,95.183,4.877,4095.463,39.176,96.541,0.966,1962.416,18.772,91.351,-0.547
2023-11-01,11040.811,4843.968,43.873,104.877,-3.118,4237.823,38.383,99.897,-1.168,1959.021,17.743,91.193,-3.777
2023-12-01,11763.004,5475.149,46.546,118.543,-13.387,4416.089,37.542,104.099,-6.3,1871.765,15.912,87.131,-6.084
2024-01-01,13090.207,6486.225,49.55,140.434,-4.858,4701.122,35.913,110.818,-2.705,1902.86,14.537,88.578,-2.129
2024-02-01,12851.124,6343.136,49.359,137.336,11.585,4619.142,35.943,108.885,4.753,1888.846,14.698,87.926,4.231
2024-03-01,11956.627,5484.61,45.871,118.748,-20.827,4534.522,37.925,106.891,-9.609,1937.495,16.204,90.191,-5.624
2024-04-01,10004.921,4253.021,42.509,92.082,6.7,3934.545,39.326,92.748,-4.76,1817.355,18.165,84.598,-5.79
2024-05-01,12213.338,6041.515,49.467,130.805,29.747,4202.501,34.409,99.064,0.922,1969.322,16.124,91.672,-1.287
2024-06-01,11226.224,5345.517,47.616,115.736,-8.401,3986.352,35.509,93.969,-5.025,1894.354,16.874,88.182,-7.082
2024-07-01,13226.304,6891.403,52.104,149.206,9.785,4322.631,32.682,101.896,0.03,2012.27,15.214,93.671,7.108
2024-08-01,12171.607,5900.983,48.482,127.763,7.253,4241.513,34.848,99.984,-1.041,2029.11,16.671,94.455,3.108
2024-09-01,10237.193,4320.587,42.205,93.545,-11.723,3943.768,38.524,92.965,-3.703,1972.838,19.271,91.836,0.017
2024-10-01,10678.921,4548.718,42.595,98.485,3.468,4151.263,38.873,97.856,1.362,1978.939,18.531,92.12,0.842
2024-11-01,11064.006,4796.445,43.352,103.848,-0.981,4254.044,38.449,100.279,0.383,2013.517,18.199,93.73,2.782
2024-12-01,11498.929,5178.579,45.035,112.122,-5.417,4441.356,38.624,104.694,0.572,1878.993,16.341,87.467,0.386
2025-01-01,13605.513,6855.337,50.386,148.425,5.691,4830.369,35.503,113.865,2.749,1919.807,14.111,89.367,0.891
2025-02-01,12908.059,6269.122,48.568,135.733,-1.167,4692.327,36.352,110.611,1.584,1946.61,15.081,90.615,3.058
2025-03-01,11653.17,5266.223,45.191,114.019,-3.982,4403.502,37.788,103.802,-2.889,1983.445,17.021,92.33,2.372
2025-04-01,9822.825,3991.323,40.633,86.416,-6.153,3917.565,39.882,92.347,-0.432,1913.937,19.485,89.094,5.314
2025-05-01,10944.561,4887.295,44.655,105.815,-19.105,4071.123,37.198,95.967,-3.126,1986.144,18.147,92.455,0.854
2025-06-01,12685.144,6598.754,52.02,142.87,23.445,4157.164,32.772,97.995,4.285,1929.225,15.209,89.806,1.841
2025-07-01,12901.619,6564.071,50.878,142.119,-4.75,4293.969,33.282,101.22,-0.663,2043.579,15.84,95.129,1.556
2025-08-01,11718.756,5598.13,47.771,121.206,-5.132,4122.106,35.175,97.169,-2.815,1998.521,17.054,93.031,-1.508
2025-09-01,10631.541,4674.102,43.964,101.199,8.182,3922.582,36.896,92.466,-0.537,2034.856,19.14,94.723,3.144
2025-10-01,10591.336,4469.049,42.195,96.76,-1.751,4046.72,38.208,95.392,-2.518,2075.567,19.597,96.618,4.883
2025-11-01,10711.334,4656.511,43.473,100.818,-2.917,4027.228,37.598,94.932,-5.332,2027.595,18.929,94.385,0.699
2025-12-01,13077.047,6562.097,50.18,142.076,26.716,4537.297,34.697,106.956,2.16,1977.653,15.123,92.06,5.251
2026-01-01,13145.375,6497.141,49.425,140.67,-5.225,4635.406,35.263,109.269,-4.036,2012.828,15.312,93.697,4.845
2026-02-01,11780.616,5561.498,47.209,120.412,-11.287,4284.903,36.372,101.006,-8.683,1934.216,16.419,90.038,-0.637
2026-03-01,11945.035,5323.151,44.564,115.252,1.081,4382.336,36.688,103.303,-0.481,2239.548,18.749,104.251,12.912
2026-04-01,10579.343,4463.563,42.191,96.641,11.832,3969.723,37.523,93.577,1.331,2146.057,20.285,99.899,12.128
2026-05-01,12151.531,5825.605,47.941,126.131,19.199,4075.78,33.541,96.077,0.114,2250.146,18.517,104.745,13.292
2026-06-01,12641.171,6339.79,50.152,137.263,-3.924,4114.309,32.547,96.985,-1.031,2187.072,17.301,101.809,13.365
2026-07-01,13063.215,6643.194,50.854,143.832,1.205,4211.155,32.237,99.268,-1.929,2208.865,16.909,102.823,8.088
2026-08-01,12432.028,6093.065,49.011,131.921,8.841,4100.505,32.983,96.66,-0.524,2238.458,18.006,104.201,12.006
