period,temperature_c,feature_state,actual_gwh,intercept_component_gwh,trend_component_gwh,month_component_gwh,heating_component_gwh,cooling_component_gwh,prediction_gwh,error_gwh
2016-03-01,21.2,dead_band,10461.476,5810.36,5073.777,339.622,0.0,0.0,11223.759,762.283
2016-04-01,17.3,active,10292.001,5795.611,5074.418,-237.571,79.665,0.0,10712.123,420.122
2016-05-01,12.6,active,11358.012,5798.715,5088.136,-19.402,603.645,0.0,11471.093,113.082
2016-09-01,14.3,active,10382.081,5803.653,5175.97,-382.112,418.933,0.0,11016.443,634.362
2016-10-01,17.8,active,9956.039,5807.849,5184.046,4.481,21.852,0.0,11018.228,1062.189
2016-11-01,21.1,dead_band,10132.541,5814.846,5178.861,12.298,0.0,0.0,11006.005,873.465
2017-03-01,22.4,active,11122.232,5895.217,5247.507,281.959,0.0,119.836,11544.519,422.287
2017-04-01,18.9,dead_band,9793.759,5896.274,5261.168,-294.233,0.0,0.0,10863.209,1069.45
2017-05-01,15.9,active,10795.213,5902.257,5254.928,-53.74,236.745,0.0,11340.19,544.977
2017-09-01,15.9,active,10348.585,5909.366,5321.901,-473.798,264.41,0.0,11021.879,673.294
2017-10-01,18.2,dead_band,10227.329,5912.749,5329.247,-82.961,0.0,0.0,11159.035,931.706
2017-11-01,20.6,dead_band,10355.727,5917.444,5328.898,-57.279,0.0,0.0,11189.063,833.335
2018-03-01,22.4,active,11247.242,5940.545,5388.142,295.303,0.0,123.327,11747.317,500.075
2018-04-01,22.1,active,10493.315,5941.276,5399.216,-317.113,0.0,31.029,11054.408,561.093
2018-05-01,16.6,active,10665.462,5946.482,5409.19,-101.336,182.188,0.0,11436.525,771.063
2018-09-01,17.5,active,9792.369,5951.369,5478.668,-499.886,67.208,0.0,10997.359,1204.99
2018-10-01,17.8,active,9904.219,5955.655,5473.967,-102.437,30.429,0.0,11357.614,1453.395
2018-11-01,21.4,dead_band,10035.149,5961.302,5459.404,-60.115,0.0,0.0,11360.592,1325.442
2019-03-01,21.2,dead_band,10120.058,5837.647,5446.518,467.11,0.0,0.0,11751.275,1631.217
2019-04-01,19.7,dead_band,9572.131,5812.83,5423.483,-85.456,0.0,0.0,11150.857,1578.726
2019-05-01,16.0,active,10382.062,5822.996,5405.281,74.125,300.0,0.0,11602.402,1220.34
2019-09-01,15.4,active,10218.088,5845.588,5410.261,-358.649,429.377,0.0,11326.578,1108.49
2019-10-01,17.5,active,10380.687,5852.562,5405.506,101.773,82.585,0.0,11442.426,1061.739
2019-11-01,22.7,active,10559.966,5859.261,5401.646,133.764,0.0,274.405,11669.075,1109.109
2020-03-01,24.4,active,11144.232,5940.853,5398.471,439.812,0.0,898.507,12677.643,1533.41
2020-04-01,18.0,dead_band,8537.2,6084.889,5394.673,-285.713,0.0,0.0,11193.849,2656.649
2020-05-01,15.7,active,9617.328,6098.164,5348.763,-127.209,370.519,0.0,11690.236,2072.908
2020-09-01,14.6,active,10045.023,6125.09,5304.657,-497.738,555.992,0.0,11488.002,1442.979
2020-10-01,17.2,active,10013.844,6132.451,5289.742,-31.743,125.204,0.0,11515.654,1501.81
2020-11-01,21.9,dead_band,10087.844,6139.929,5273.905,7.925,0.0,0.0,11421.759,1333.915
2021-03-01,22.2,active,11055.215,6058.376,5248.739,444.289,0.0,77.94,11829.343,774.129
2021-04-01,20.7,dead_band,9817.738,6051.943,5250.256,-179.459,0.0,0.0,11122.741,1305.003
2021-05-01,14.3,active,10986.114,6059.802,5239.81,27.759,551.7,0.0,11879.071,892.957
2021-09-01,16.0,active,10374.794,6070.855,5281.571,-314.853,285.704,0.0,11323.278,948.483
2021-10-01,18.8,dead_band,10451.324,6076.296,5281.034,89.293,0.0,0.0,11446.623,995.299
2021-11-01,21.6,dead_band,10569.434,6082.027,5279.159,118.638,0.0,0.0,11479.823,910.39
2022-03-01,20.8,dead_band,10881.579,6077.153,5311.827,472.051,0.0,0.0,11861.031,979.452
2022-04-01,18.0,dead_band,10147.364,6062.122,5308.054,-154.46,0.0,0.0,11215.716,1068.352
2022-05-01,13.8,active,11727.995,6068.749,5303.913,74.997,619.003,0.0,12066.662,338.667
2022-09-01,15.8,active,10314.0,6070.841,5379.037,-304.243,332.194,0.0,11477.829,1163.828
2022-10-01,18.1,dead_band,10221.299,6077.795,5373.88,117.885,0.0,0.0,11569.56,1348.261
2022-11-01,23.0,active,11323.713,6085.804,5364.594,150.079,0.0,425.361,12025.837,702.124
2023-03-01,27.1,active,13996.905,6143.957,5421.873,428.225,0.0,2102.869,14096.924,100.019
2023-04-01,19.1,dead_band,10046.212,6159.2,5441.819,-245.389,0.0,0.0,11355.631,1309.418
2023-05-01,16.4,active,10815.47,6164.349,5432.256,-4.336,250.432,0.0,11842.701,1027.231
2023-09-01,15.0,active,10962.244,6172.768,5465.426,-429.803,509.364,0.0,11717.754,755.51
2023-10-01,18.2,dead_band,10454.126,6175.753,5468.486,29.692,0.0,0.0,11673.932,1219.806
2023-11-01,21.2,dead_band,11040.811,6180.358,5462.135,98.768,0.0,0.0,11741.261,700.45
2024-03-01,23.3,active,11956.627,6156.599,5505.87,477.361,0.0,557.258,12697.088,740.461
2024-04-01,18.7,dead_band,10004.921,6173.499,5510.975,-233.635,0.0,0.0,11450.839,1445.918
2024-05-01,12.7,active,12213.338,6178.887,5499.032,-11.78,892.417,0.0,12558.557,345.219
2024-09-01,17.1,active,10237.193,6186.449,5534.073,-399.76,155.626,0.0,11476.388,1239.195
2024-10-01,20.5,dead_band,10678.921,6190.613,5529.486,45.687,0.0,0.0,11765.785,1086.864
2024-11-01,22.4,active,11064.006,6194.513,5526.288,136.772,0.0,174.763,12032.336,968.33
2025-03-01,23.4,active,11653.17,6175.764,5560.62,501.831,0.0,627.128,12865.343,1212.173
2025-04-01,18.4,dead_band,9822.825,6205.005,5557.11,-235.2,0.0,0.0,11526.915,1704.09
2025-05-01,16.7,active,10944.561,6210.763,5540.296,-10.094,239.331,0.0,11980.295,1035.734
2025-09-01,15.6,active,10631.541,6218.894,5566.636,-436.7,462.671,0.0,11811.501,1179.96
2025-10-01,19.5,dead_band,10591.336,6222.799,5561.571,64.881,0.0,0.0,11849.251,1257.916
2025-11-01,20.6,dead_band,10711.334,6226.904,5555.115,160.365,0.0,0.0,11942.385,1231.051
2026-03-01,23.3,active,11945.035,6299.889,5574.667,438.645,0.0,573.628,12886.829,941.794
2026-04-01,19.7,dead_band,10579.343,6317.868,5575.736,-315.289,0.0,0.0,11578.314,998.971
2026-05-01,13.5,active,12151.531,6320.919,5573.819,-92.148,867.269,0.0,12669.859,518.328
