indice_tiempo,demanda_total,temperatura_promedio,potencia_maxima
2001-01-01,6866.26,25.432,13501.0
2001-02-01,6473.1,25.596,14061.0
2001-03-01,6952.3,22.852,13780.0
2001-04-01,6183.35,18.317,12866.0
2001-05-01,6668.94,14.306,12968.0
2001-06-01,6559.16,12.94,13639.0
2001-07-01,6806.8,11.542,13794.0
2001-08-01,6531.18,15.055,13030.0
2001-09-01,6211.66,14.69,12642.0
2001-10-01,6268.03,18.074,12365.0
2001-11-01,6132.66,20.007,12595.0
2001-12-01,6448.414000000001,23.013,12626.0
2002-01-01,6471.69,24.903,12296.0
2002-02-01,5745.32,23.252,13481.0
2002-03-01,6462.13,22.18,13481.0
2002-04-01,5970.25,17.463,12209.0
2002-05-01,6320.57,16.432,12444.0
2002-06-01,6634.9,10.7,13428.0
2002-07-01,6891.22,11.469,13405.0
2002-08-01,6514.58,14.242,12908.0
2002-09-01,6136.42,14.787,12392.0
2002-10-01,6344.78,19.9,12394.0
2002-11-01,6384.03,21.39,12828.0
2002-12-01,6597.0,22.758,12939.0
2003-01-01,7009.41,23.81,13774.0
2003-02-01,6364.91,23.296,13900.0
2003-03-01,6874.26,22.403,13721.0
2003-04-01,6280.38,17.387,12670.0
2003-05-01,6773.8,15.284,13218.0
2003-06-01,6814.53,13.043,13567.0
2003-07-01,7321.71,11.081,14359.0
2003-08-01,7188.13,12.068,14331.0
2003-09-01,6737.75,14.623,13570.0
2003-10-01,6906.96,18.955,13384.0
2003-11-01,6833.97,20.303,13461.0
2003-12-01,7107.56,21.539,14185.0
2004-01-01,7620.56,25.071,14350.0
2004-02-01,6846.54,23.186,14207.0
2004-03-01,7544.99,23.555,14655.0
2004-04-01,7011.91,19.9,14732.0
2004-05-01,7325.25,13.3,14257.0
2004-06-01,7259.35,13.4,14512.0
2004-07-01,7576.6,12.4,14789.0
2004-08-01,7076.07,13.8,14848.0
2004-09-01,6956.97,16.1,13611.0
2004-10-01,7087.33,17.5,13569.0
2004-11-01,7127.32,19.8,14708.0
2004-12-01,7739.52,23.3,15032.0
2005-01-01,7983.28,25.872,15129.0
2005-02-01,7248.88,25.593,15717.0
2005-03-01,7689.91,21.237,15211.0
2005-04-01,7213.14,17.223,14552.0
2005-05-01,7668.55,14.939,14900.0
2005-06-01,7719.71,14.3,15699.0
2005-07-01,8061.62,12.4,15792.0
2005-08-01,7953.5,13.0,15648.0
2005-09-01,7508.4,14.3,15485.0
2005-10-01,7403.31,17.2,14799.0
2005-11-01,7784.34,22.0,16143.0
2005-12-01,8098.31,22.3,15657.0
2006-01-01,7957.9,24.6,15831.0
2006-02-01,7395.7,24.3,16753.0
2006-03-01,8037.6,20.6,16335.0
2006-04-01,7555.6,19.1,15898.0
2006-05-01,8116.1,14.1,16876.0
2006-06-01,8248.9,13.2,17037.0
2006-07-01,8313.5,14.3,17395.0
2006-08-01,8497.0,12.4,17309.0
2006-09-01,7828.4,15.6,17097.0
2006-10-01,8025.1,19.8,17252.0
2006-11-01,7998.1,20.5,17237.0
2006-12-01,8838.9,24.4,17323.0
2007-01-01,8743.2,24.6,17073.0
2007-02-01,8158.2,24.6,17654.0
2007-03-01,8637.8,22.2,17400.0
2007-04-01,8010.4,18.8,17881.0
2007-05-01,8789.5,12.7,18279.0
2007-06-01,8851.4,10.9,18345.0
2007-07-01,9024.5,9.3,17743.0
2007-08-01,9106.5,10.1,17669.0
2007-09-01,8082.6,17.0,16590.0
2007-10-01,8370.4,19.2,16745.0
2007-11-01,8254.4,18.8,17291.0
2007-12-01,8921.4,23.6,17786.0
2008-01-01,9175.1,25.6,17885.0
2008-02-01,8728.8,25.3,17930.0
2008-03-01,8594.5,22.1,17697.0
2008-04-01,8286.6,19.0,17129.0
2008-05-01,8777.8,15.7,18670.0
2008-06-01,9209.8,11.8,19126.0
2008-07-01,9127.1,14.3,18389.0
2008-08-01,9025.3,13.0,18071.0
2008-09-01,8587.6,14.6,17615.0
2008-10-01,8477.2,18.1,16652.0
2008-11-01,8914.9,24.8,18441.0
2008-12-01,9053.4,24.3,17571.0
2009-01-01,9086.1,25.8,17351.0
2009-02-01,8241.6,24.6,18596.0
2009-03-01,8955.6,23.6,17218.0
2009-04-01,8104.7,19.6,16963.0
2009-05-01,8435.3,16.4,17780.0
2009-06-01,9114.2,11.6,18948.0
2009-07-01,9508.0,10.8,19566.0
2009-08-01,8738.4,15.6,17862.0
2009-09-01,8350.2,13.6,17895.0
2009-10-01,8420.7,17.7,18023.0
2009-11-01,8644.0,21.1,17426.0
2009-12-01,9023.6,22.6,18422.0
2010-01-01,9740.0,26.1,19370.0
2010-02-01,8773.9,24.2,19332.0
2010-03-01,9518.9,23.1,18408.0
2010-04-01,8434.1,17.2,16937.0
2010-05-01,8866.4,15.2,18228.0
2010-06-01,9367.0,12.5,18770.0
2010-07-01,10081.1,10.7,20396.0
2010-08-01,9733.1,11.9,20843.0
2010-09-01,8755.9,15.3,19346.0
2010-10-01,8567.7,17.2,17211.0
2010-11-01,8834.6,20.9,18353.0
2010-12-01,10125.7,22.5,20209.0
2011-01-01,10231.0,25.8,20531.0
2011-02-01,9129.0,24.0,20171.0
2011-03-01,9863.0,22.5,20913.0
2011-04-01,8917.8,18.9,18309.0
2011-05-01,9560.4,14.8,18765.0
2011-06-01,10135.8,12.1,21024.0
2011-07-01,10562.6,11.2,21403.0
2011-08-01,10311.9,11.5,21564.0
2011-09-01,9089.5,16.2,18648.0
2011-10-01,9062.4,17.3,17565.0
2011-11-01,9505.9,22.6,19508.0
2011-12-01,10118.6,22.9,20513.0
2012-01-01,10806.8,26.2,21309.0
2012-02-01,10089.2,24.8,21949.0
2012-03-01,10178.0,21.7,20095.0
2012-04-01,8970.0,18.1,18264.0
2012-05-01,9601.7,16.9,18472.0
2012-06-01,10297.0,12.2,20978.0
2012-07-01,11071.7,9.9,20912.0
2012-08-01,10408.3,13.7,19995.0
2012-09-01,9338.6,15.6,18626.0
2012-10-01,9608.0,18.3,17834.0
2012-11-01,10031.4,22.4,20091.0
2012-12-01,10824.3,24.5,20921.0
2013-01-01,11134.119344999996,25.1,21982.0
2013-02-01,9834.160007,24.1,22169.0
2013-03-01,9756.129308,20.3,19523.0
2013-04-01,9307.334163,19.1,18443.0
2013-05-01,10232.825394000003,15.0,20035.0
2013-06-01,10360.537193999997,12.8,21270.0
2013-07-01,11156.173393,12.0,22552.0
2013-08-01,10904.479243000002,12.7,21773.0
2013-09-01,10195.872995000003,14.4,21711.0
2013-10-01,10045.715632,18.5,19484.0
2013-11-01,10015.701652,21.1,20436.0
2013-12-01,12291.286493000003,27.0,23794.0
2014-01-01,12004.342368,25.9,24034.0
2014-02-01,9823.968201,23.0,21507.0
2014-03-01,9789.798789,20.7,19105.0
2014-04-01,9595.374350000002,18.3,19537.0
2014-05-01,10409.105006,15.0,20933.0
2014-06-01,10901.714975999996,12.4,21716.0
2014-07-01,11363.942101999995,12.4,21950.0
2014-08-01,10490.682389,15.3,20947.0
2014-09-01,9807.544191,16.0,19419.0
2014-10-01,10706.493141,20.2,22147.0
2014-11-01,10344.736671999995,20.9,22055.0
2014-12-01,11229.377819999996,23.4,23104.0
2015-01-01,11706.190093000005,24.3,23949.0
2015-02-01,10665.086621,24.7,23573.0
2015-03-01,11548.527072000004,22.9,23409.0
2015-04-01,10026.434760000002,20.6,20116.0
2015-05-01,10467.633693000003,16.8,20450.0
2015-06-01,11254.419666999998,13.5,23529.0
2015-07-01,11907.361918999995,12.7,22997.0
2015-08-01,11130.262807999998,15.0,22363.0
2015-09-01,10552.903241000004,14.6,21398.0
2015-10-01,10722.174389000002,15.9,20628.0
2015-11-01,10219.189482,20.2,20411.0
2015-12-01,11909.435560999997,24.8,23727.0
2016-01-01,12344.911762000002,26.1,24885.0
2016-02-01,11731.845101,26.1,25380.0
2016-03-01,10461.475920000004,21.2,23139.0
2016-04-01,10292.000855999995,17.3,21340.0
2016-05-01,11358.011627999998,12.6,21679.0
2016-06-01,11812.947050000004,10.6,22368.0
2016-07-01,11929.645375,11.0,22230.0
2016-08-01,10855.441952,13.8,21455.0
2016-09-01,10382.081134000004,14.3,22265.0
2016-10-01,9956.038875000002,17.8,19051.0
2016-11-01,10132.540584000004,21.1,20425.0
2016-12-01,11853.854388000002,25.3,23266.0
2017-01-01,12524.865645999998,25.7,24717.0
2017-02-01,11074.906498999995,25.4,25628.0
2017-03-01,11122.231554999998,22.4,24906.0
2017-04-01,9793.758584999998,18.9,20056.0
2017-05-01,10795.213415,15.9,22058.0
2017-06-01,11359.330661999997,13.7,22987.0
2017-07-01,11796.425757000008,13.4,23529.0
2017-08-01,11107.250704999997,15.2,21931.0
2017-09-01,10348.584547999995,15.9,20369.0
2017-10-01,10227.329312999997,18.2,19953.0
2017-11-01,10355.727486000002,20.6,21585.0
2017-12-01,12024.595460999995,24.7,24696.0
2018-01-01,12350.183342000008,26.1,25209.0
2018-02-01,11404.202906999995,25.2,26320.0
2018-03-01,11247.242147,22.4,22960.0
2018-04-01,10493.314602,22.1,21763.0
2018-05-01,10665.461535,16.6,21308.0
2018-06-01,11925.912372999996,11.3,23831.0
2018-07-01,12607.552746000005,10.8,23776.0
2018-08-01,11721.305146000006,12.4,23054.0
2018-09-01,9792.369117000004,17.5,19541.0
2018-10-01,9904.218690999998,17.8,18952.0
2018-11-01,10035.149398999998,21.4,21190.0
2018-12-01,10863.012560999998,22.4,23100.0
2019-01-01,11698.820402,25.0,26113.0
2019-02-01,10706.955316999998,24.1,25897.0
2019-03-01,10120.057936,21.2,22426.0
2019-04-01,9572.130644999996,19.7,18876.0
2019-05-01,10382.062156,16.0,21075.0
2019-06-01,10649.854539999998,14.6,22594.0
2019-07-01,12004.210187,11.7,23859.0
2019-08-01,11465.483298999998,12.4,23365.0
2019-09-01,10218.087822999994,15.4,22079.0
2019-10-01,10380.686879,17.5,19908.0
2019-11-01,10559.966154999998,22.7,23674.0
2019-12-01,11187.742676999997,23.7,25382.0
2020-01-01,11993.867057,25.1,24891.0
2020-02-01,10843.47443,25.5,25791.0
2020-03-01,11144.232191999994,24.4,23847.0
2020-04-01,8537.200406999998,18.0,16405.0
2020-05-01,9617.328172,15.7,19000.0
2020-06-01,10781.714873,13.0,22114.0
2020-07-01,12183.852641,10.9,23559.0
2020-08-01,10728.379158000003,13.1,22430.0
2020-09-01,10045.022850000005,14.6,22683.0
2020-10-01,10013.844018000003,17.2,19659.0
2020-11-01,10087.844438999997,21.9,22289.0
2020-12-01,11330.177614,23.5,24079.0
2021-01-01,11941.580986,25.5,26450.0
2021-02-01,10090.389297999996,23.6,22431.0
2021-03-01,11055.214502999996,22.2,22447.0
2021-04-01,9817.737877,20.7,19676.0
2021-05-01,10986.114068,14.3,20557.0
2021-06-01,12053.804232,11.9,25913.0
2021-07-01,12418.960365,12.2,24816.0
2021-08-01,11660.287777999993,13.2,24816.0
2021-09-01,10374.794059999997,16.0,20771.0
2021-10-01,10451.324174999992,18.8,23317.0
2021-11-01,10569.433718999995,21.6,21920.0
2021-12-01,12457.845451999998,25.0,27088.0
2022-01-01,13067.604932,26.2,28231.0
2022-02-01,10567.756899,23.2,25050.0
2022-03-01,10881.578983000005,20.8,21332.0
2022-04-01,10147.364071,18.0,19783.0
2022-05-01,11727.995000999996,13.8,25362.0
2022-06-01,13074.470377999998,10.8,26062.0
2022-07-01,12639.619365999995,12.6,24477.0
2022-08-01,11782.419631000004,13.7,23389.0
2022-09-01,10314.000247000002,15.8,20194.0
2022-10-01,10221.298637999997,18.1,19630.0
2022-11-01,11323.713162000004,23.0,26610.0
2022-12-01,13027.412096000002,25.0,28283.0
2023-01-01,13593.482593999996,26.9,27420.0
2023-02-01,11906.275881999993,25.6,28207.0
2023-03-01,13996.904604999996,27.1,29105.0
2023-04-01,10046.212478,19.1,19984.0
2023-05-01,10815.469724,16.4,21837.0
2023-06-01,12071.781236,13.2,24935.0
2023-07-01,12477.225902999991,13.0,25476.0
2023-08-01,11756.000498999998,14.2,22313.0
2023-09-01,10962.244457000004,15.0,23085.0
2023-10-01,10454.125794,18.2,19520.0
2023-11-01,11040.811143,21.2,24791.0
2023-12-01,11763.004028,22.9,25688.0
2024-01-01,13090.206981,25.8,28719.0
2024-02-01,12851.124117999996,26.3,29653.0
2024-03-01,11956.626840999998,23.3,24053.0
2024-04-01,10004.921217,18.7,19122.0
2024-05-01,12213.338451,12.7,25104.0
2024-06-01,11226.223824000002,14.6,24051.0
2024-07-01,13226.304292000004,10.6,26675.0
2024-08-01,12171.606644999998,12.7,23806.0
2024-09-01,10237.192793000002,17.1,19829.0
2024-10-01,10678.921133999998,20.5,22158.0
2024-11-01,11064.005963999998,22.4,22856.0
2024-12-01,11498.928525,22.6,23961.0
2025-01-01,13605.512562999997,26.3,27696.0
2025-02-01,12908.058920999996,26.1,30257.0
2025-03-01,11653.169773999996,23.4,28739.0
2025-04-01,9822.82491,18.4,18247.0
2025-05-01,10944.561145999998,16.7,23439.0
2025-06-01,12685.143740000003,11.2,27719.0
2025-07-01,12901.618550000008,12.3,28119.0
2025-08-01,11718.756339,13.9,23083.0
2025-09-01,10631.54053,15.6,22292.0
2025-10-01,10591.335541,19.5,20808.0
2025-11-01,10711.334192,20.6,23537.0
2025-12-01,13077.047231000004,25.9,27891.0
2026-01-01,13145.374525999996,25.1,26716.0
2026-02-01,11780.616316999998,25.3,28000.0
2026-03-01,11945.035338,23.3,26480.0
2026-04-01,10579.342831999998,19.7,23251.0
2026-05-01,12151.531183,13.5,24345.0
2026-06-01,12641.171137,12.0,25785.0
2026-07-01,13063.214629,12.5,27189.0
2026-08-01,12432.027715,12.3,24956.0
